concept:name,case:concept:name,time:timestamp
Create Fine,A1,2006-07-23 22:00:00+00:00
Send Fine,A1,2006-12-04 23:00:00+00:00
Create Fine,A100,2006-08-01 22:00:00+00:00
Send Fine,A100,2006-12-11 23:00:00+00:00
Insert Fine Notification,A100,2007-01-14 23:00:00+00:00
Add penalty,A100,2007-03-15 23:00:00+00:00
Send for Credit Collection,A100,2009-03-29 22:00:00+00:00
Create Fine,A10000,2007-03-08 23:00:00+00:00
Send Fine,A10000,2007-07-16 22:00:00+00:00
Insert Fine Notification,A10000,2007-08-01 22:00:00+00:00
Add penalty,A10000,2007-09-30 22:00:00+00:00
Payment,A10000,2008-09-08 22:00:00+00:00
Create Fine,A10001,2007-03-18 23:00:00+00:00
Send Fine,A10001,2007-07-16 22:00:00+00:00
Insert Fine Notification,A10001,2007-07-24 22:00:00+00:00
Insert Date Appeal to Prefecture,A10001,2007-08-01 22:00:00+00:00
Add penalty,A10001,2007-09-22 22:00:00+00:00
Send Appeal to Prefecture,A10001,2007-09-23 22:00:00+00:00
Create Fine,A10005,2007-03-19 23:00:00+00:00
Payment,A10005,2007-03-20 23:00:00+00:00
Create Fine,A10009,2007-03-19 23:00:00+00:00
Send Fine,A10009,2007-07-16 22:00:00+00:00
Insert Fine Notification,A10009,2007-07-22 22:00:00+00:00
Add penalty,A10009,2007-09-20 22:00:00+00:00
Payment,A10009,2007-09-30 22:00:00+00:00
Payment,A10009,2007-10-30 23:00:00+00:00
Create Fine,A10102,2007-03-04 23:00:00+00:00
Send Fine,A10102,2007-06-26 22:00:00+00:00
Insert Fine Notification,A10102,2007-07-06 22:00:00+00:00
Add penalty,A10102,2007-09-04 22:00:00+00:00
Insert Date Appeal to Prefecture,A10102,2007-09-09 22:00:00+00:00
Send Appeal to Prefecture,A10102,2007-10-24 22:00:00+00:00
Create Fine,A10125,2007-03-09 23:00:00+00:00
Send Fine,A10125,2007-07-16 22:00:00+00:00
Insert Fine Notification,A10125,2007-07-25 22:00:00+00:00
Insert Date Appeal to Prefecture,A10125,2007-07-31 22:00:00+00:00
Payment,A10125,2007-09-13 22:00:00+00:00
Add penalty,A10125,2007-09-23 22:00:00+00:00
Send Appeal to Prefecture,A10125,2007-09-23 22:00:00+00:00
Create Fine,A1017,2006-09-10 22:00:00+00:00
Send Fine,A1017,2006-12-28 23:00:00+00:00
Insert Fine Notification,A1017,2007-01-08 23:00:00+00:00
Add penalty,A1017,2007-03-09 23:00:00+00:00
Payment,A1017,2007-04-04 22:00:00+00:00
Send for Credit Collection,A1017,2009-03-29 22:00:00+00:00
Create Fine,A10249,2007-03-13 23:00:00+00:00
Send Fine,A10249,2007-07-16 22:00:00+00:00
Insert Fine Notification,A10249,2007-07-24 22:00:00+00:00
Add penalty,A10249,2007-09-22 22:00:00+00:00
Insert Date Appeal to Prefecture,A10249,2007-11-01 23:00:00+00:00
Send Appeal to Prefecture,A10249,2007-12-27 23:00:00+00:00
Receive Result Appeal from Prefecture,A10249,2008-01-21 23:00:00+00:00
Notify Result Appeal to Offender,A10249,2008-01-24 23:00:00+00:00
Payment,A10249,2008-02-08 23:00:00+00:00
Create Fine,A10435,2007-06-30 22:00:00+00:00
Send Fine,A10435,2007-09-28 22:00:00+00:00
Payment,A10435,2007-10-22 22:00:00+00:00
Create Fine,A10619,2007-03-12 23:00:00+00:00
Send Fine,A10619,2007-07-16 22:00:00+00:00
Insert Fine Notification,A10619,2007-07-24 22:00:00+00:00
Insert Date Appeal to Prefecture,A10619,2007-09-20 22:00:00+00:00
Add penalty,A10619,2007-09-22 22:00:00+00:00
Send Appeal to Prefecture,A10619,2007-10-29 23:00:00+00:00
Receive Result Appeal from Prefecture,A10619,2007-11-11 23:00:00+00:00
Notify Result Appeal to Offender,A10619,2007-11-15 23:00:00+00:00
Payment,A10619,2008-10-06 22:00:00+00:00
Create Fine,A10798,2007-03-24 23:00:00+00:00
Send Fine,A10798,2007-08-01 22:00:00+00:00
Insert Fine Notification,A10798,2007-08-10 22:00:00+00:00
Payment,A10798,2007-09-24 22:00:00+00:00
Add penalty,A10798,2007-10-09 22:00:00+00:00
Payment,A10798,2007-10-19 22:00:00+00:00
Create Fine,A1161,2006-08-14 22:00:00+00:00
Payment,A1161,2006-12-11 23:00:00+00:00
Send Fine,A1161,2006-12-13 23:00:00+00:00
Payment,A1161,2006-12-29 23:00:00+00:00
Create Fine,A1183,2006-08-17 22:00:00+00:00
Payment,A1183,2006-08-23 22:00:00+00:00
Send Fine,A1183,2006-12-13 23:00:00+00:00
Insert Fine Notification,A1183,2006-12-21 23:00:00+00:00
Add penalty,A1183,2007-02-19 23:00:00+00:00
Send for Credit Collection,A1183,2009-03-29 22:00:00+00:00
Create Fine,A12260,2007-04-28 22:00:00+00:00
Payment,A12260,2007-07-04 22:00:00+00:00
Send Fine,A12260,2007-08-01 22:00:00+00:00
Insert Fine Notification,A12260,2007-08-09 22:00:00+00:00
Add penalty,A12260,2007-10-08 22:00:00+00:00
Payment,A12260,2008-09-29 22:00:00+00:00
Create Fine,A12414,2007-05-11 22:00:00+00:00
Send Fine,A12414,2007-08-19 22:00:00+00:00
Insert Fine Notification,A12414,2007-09-02 22:00:00+00:00
Insert Date Appeal to Prefecture,A12414,2007-10-21 22:00:00+00:00
Add penalty,A12414,2007-11-01 23:00:00+00:00
Send Appeal to Prefecture,A12414,2007-12-06 23:00:00+00:00
Receive Result Appeal from Prefecture,A12414,2007-12-17 23:00:00+00:00
Notify Result Appeal to Offender,A12414,2007-12-20 23:00:00+00:00
Appeal to Judge,A12414,2008-01-20 23:00:00+00:00
Create Fine,A127,2006-08-01 22:00:00+00:00
Payment,A127,2006-08-03 22:00:00+00:00
Send Fine,A127,2006-12-11 23:00:00+00:00
Create Fine,A12991,2007-06-01 22:00:00+00:00
Send Fine,A12991,2007-08-19 22:00:00+00:00
Insert Fine Notification,A12991,2007-08-27 22:00:00+00:00
Add penalty,A12991,2007-10-26 22:00:00+00:00
Payment,A12991,2007-12-26 23:00:00+00:00
Payment,A12991,2008-01-17 23:00:00+00:00
Payment,A12991,2008-03-11 23:00:00+00:00
Create Fine,A13617,2007-06-14 22:00:00+00:00
Send Fine,A13617,2007-08-21 22:00:00+00:00
Insert Fine Notification,A13617,2007-09-02 22:00:00+00:00
Insert Date Appeal to Prefecture,A13617,2007-09-19 22:00:00+00:00
Send Appeal to Prefecture,A13617,2007-10-29 23:00:00+00:00
Add penalty,A13617,2007-11-01 23:00:00+00:00
Receive Result Appeal from Prefecture,A13617,2007-11-08 23:00:00+00:00
Notify Result Appeal to Offender,A13617,2007-11-16 23:00:00+00:00
Send for Credit Collection,A13617,2009-03-29 22:00:00+00:00
Create Fine,A13984,2007-06-15 22:00:00+00:00
Send Fine,A13984,2007-08-21 22:00:00+00:00
Insert Fine Notification,A13984,2007-08-27 22:00:00+00:00
Add penalty,A13984,2007-10-26 22:00:00+00:00
Insert Date Appeal to Prefecture,A13984,2008-08-21 22:00:00+00:00
Receive Result Appeal from Prefecture,A13984,2008-09-05 22:00:00+00:00
Notify Result Appeal to Offender,A13984,2008-09-15 22:00:00+00:00
Payment,A13984,2009-08-05 22:00:00+00:00
Payment,A13984,2010-03-14 23:00:00+00:00
Create Fine,A14194,2007-06-20 22:00:00+00:00
Send Fine,A14194,2007-10-30 23:00:00+00:00
Insert Date Appeal to Prefecture,A14194,2007-11-12 23:00:00+00:00
Insert Fine Notification,A14194,2007-11-12 23:00:00+00:00
Add penalty,A14194,2008-01-11 23:00:00+00:00
Payment,A14194,2008-10-09 22:00:00+00:00
Create Fine,A14727,2007-06-26 22:00:00+00:00
Send Fine,A14727,2007-09-12 22:00:00+00:00
Insert Fine Notification,A14727,2007-10-03 22:00:00+00:00
Appeal to Judge,A14727,2007-10-08 22:00:00+00:00
Add penalty,A14727,2007-12-02 23:00:00+00:00
Payment,A14727,2009-08-16 22:00:00+00:00
Create Fine,A15064,2007-06-04 22:00:00+00:00
Send Fine,A15064,2007-08-19 22:00:00+00:00
Insert Fine Notification,A15064,2007-09-03 22:00:00+00:00
Add penalty,A15064,2007-11-02 23:00:00+00:00
Receive Result Appeal from Prefecture,A15064,2008-01-30 23:00:00+00:00
Notify Result Appeal to Offender,A15064,2008-02-29 23:00:00+00:00
Payment,A15064,2008-03-31 22:00:00+00:00
Create Fine,A1516,2006-08-12 22:00:00+00:00
Send Fine,A1516,2006-12-12 23:00:00+00:00
Insert Fine Notification,A1516,2006-12-29 23:00:00+00:00
Appeal to Judge,A1516,2007-01-04 23:00:00+00:00
Add penalty,A1516,2007-02-27 23:00:00+00:00
Send for Credit Collection,A1516,2009-03-29 22:00:00+00:00
Create Fine,A15202,2007-07-31 22:00:00+00:00
Send Fine,A15202,2007-12-09 23:00:00+00:00
Insert Fine Notification,A15202,2007-12-26 23:00:00+00:00
Insert Date Appeal to Prefecture,A15202,2008-01-06 23:00:00+00:00
Send Appeal to Prefecture,A15202,2008-02-07 23:00:00+00:00
Add penalty,A15202,2008-02-24 23:00:00+00:00
Receive Result Appeal from Prefecture,A15202,2008-02-28 23:00:00+00:00
Notify Result Appeal to Offender,A15202,2008-03-11 23:00:00+00:00
Payment,A15202,2008-04-03 22:00:00+00:00
Create Fine,A1582,2006-08-10 22:00:00+00:00
Send Fine,A1582,2006-12-12 23:00:00+00:00
Insert Fine Notification,A1582,2007-01-01 23:00:00+00:00
Insert Date Appeal to Prefecture,A1582,2007-01-16 23:00:00+00:00
Add penalty,A1582,2007-03-02 23:00:00+00:00
Receive Result Appeal from Prefecture,A1582,2007-03-18 23:00:00+00:00
Notify Result Appeal to Offender,A1582,2007-04-10 22:00:00+00:00
Appeal to Judge,A1582,2007-04-23 22:00:00+00:00
Create Fine,A15866,2007-09-07 22:00:00+00:00
Send Fine,A15866,2007-12-26 23:00:00+00:00
Insert Fine Notification,A15866,2008-01-07 23:00:00+00:00
Insert Date Appeal to Prefecture,A15866,2008-01-14 23:00:00+00:00
Send Appeal to Prefecture,A15866,2008-02-19 23:00:00+00:00
Receive Result Appeal from Prefecture,A15866,2008-02-26 23:00:00+00:00
Notify Result Appeal to Offender,A15866,2008-03-04 23:00:00+00:00
Add penalty,A15866,2008-03-07 23:00:00+00:00
Payment,A15866,2008-03-25 23:00:00+00:00
Create Fine,A15873,2007-09-09 22:00:00+00:00
Send Fine,A15873,2007-12-26 23:00:00+00:00
Insert Fine Notification,A15873,2008-01-04 23:00:00+00:00
Insert Date Appeal to Prefecture,A15873,2008-03-03 23:00:00+00:00
Add penalty,A15873,2008-03-04 23:00:00+00:00
Send Appeal to Prefecture,A15873,2008-04-07 22:00:00+00:00
Receive Result Appeal from Prefecture,A15873,2008-06-10 22:00:00+00:00
Notify Result Appeal to Offender,A15873,2008-06-15 22:00:00+00:00
Send for Credit Collection,A15873,2010-10-14 22:00:00+00:00
Create Fine,A16141,2007-10-14 22:00:00+00:00
Send Fine,A16141,2008-01-17 23:00:00+00:00
Insert Fine Notification,A16141,2008-01-29 23:00:00+00:00
Add penalty,A16141,2008-03-29 23:00:00+00:00
Insert Date Appeal to Prefecture,A16141,2008-07-14 22:00:00+00:00
Send Appeal to Prefecture,A16141,2008-08-31 22:00:00+00:00
Receive Result Appeal from Prefecture,A16141,2008-09-10 22:00:00+00:00
Notify Result Appeal to Offender,A16141,2008-09-16 22:00:00+00:00
Appeal to Judge,A16141,2008-10-01 22:00:00+00:00
Create Fine,A16980,2007-07-07 22:00:00+00:00
Send Fine,A16980,2007-09-12 22:00:00+00:00
Insert Date Appeal to Prefecture,A16980,2008-08-05 22:00:00+00:00
Send Appeal to Prefecture,A16980,2008-12-14 23:00:00+00:00
Create Fine,A17158,2007-07-30 22:00:00+00:00
Send Fine,A17158,2007-12-09 23:00:00+00:00
Insert Fine Notification,A17158,2007-12-26 23:00:00+00:00
Appeal to Judge,A17158,2008-02-12 23:00:00+00:00
Insert Date Appeal to Prefecture,A17158,2008-02-14 23:00:00+00:00
Add penalty,A17158,2008-02-24 23:00:00+00:00
Send Appeal to Prefecture,A17158,2011-12-24 23:00:00+00:00
Create Fine,A18359,2007-07-13 22:00:00+00:00
Payment,A18359,2007-08-15 22:00:00+00:00
Payment,A18359,2008-02-19 23:00:00+00:00
Create Fine,A189,2006-08-05 22:00:00+00:00
Send Fine,A189,2006-12-12 23:00:00+00:00
Insert Fine Notification,A189,2007-01-12 23:00:00+00:00
Add penalty,A189,2007-03-13 23:00:00+00:00
Receive Result Appeal from Prefecture,A189,2007-09-17 22:00:00+00:00
Notify Result Appeal to Offender,A189,2007-10-19 22:00:00+00:00
Create Fine,A20157,2007-09-16 22:00:00+00:00
Send Fine,A20157,2008-01-17 23:00:00+00:00
Insert Fine Notification,A20157,2008-01-27 23:00:00+00:00
Insert Date Appeal to Prefecture,A20157,2008-01-31 23:00:00+00:00
Send Appeal to Prefecture,A20157,2008-03-02 23:00:00+00:00
Receive Result Appeal from Prefecture,A20157,2008-03-26 23:00:00+00:00
Add penalty,A20157,2008-03-27 23:00:00+00:00
Notify Result Appeal to Offender,A20157,2008-03-31 22:00:00+00:00
Payment,A20157,2008-05-28 22:00:00+00:00
Create Fine,A2042,2006-08-17 22:00:00+00:00
Send Fine,A2042,2006-12-13 23:00:00+00:00
Insert Fine Notification,A2042,2006-12-21 23:00:00+00:00
Payment,A2042,2007-01-14 23:00:00+00:00
Add penalty,A2042,2007-02-19 23:00:00+00:00
Send for Credit Collection,A2042,2009-03-29 22:00:00+00:00
Create Fine,A2090,2006-09-13 22:00:00+00:00
Send Fine,A2090,2006-12-28 23:00:00+00:00
Insert Fine Notification,A2090,2007-01-07 23:00:00+00:00
Add penalty,A2090,2007-03-08 23:00:00+00:00
Insert Date Appeal to Prefecture,A2090,2007-04-11 22:00:00+00:00
Send Appeal to Prefecture,A2090,2007-05-31 22:00:00+00:00
Receive Result Appeal from Prefecture,A2090,2007-08-06 22:00:00+00:00
Notify Result Appeal to Offender,A2090,2007-08-15 22:00:00+00:00
Send for Credit Collection,A2090,2009-03-29 22:00:00+00:00
Create Fine,A23552,2007-10-20 22:00:00+00:00
Send Fine,A23552,2008-01-17 23:00:00+00:00
Insert Fine Notification,A23552,2008-01-30 23:00:00+00:00
Add penalty,A23552,2008-03-30 22:00:00+00:00
Insert Date Appeal to Prefecture,A23552,2008-04-01 22:00:00+00:00
Receive Result Appeal from Prefecture,A23552,2008-05-29 22:00:00+00:00
Notify Result Appeal to Offender,A23552,2008-06-12 22:00:00+00:00
Payment,A23552,2009-09-11 22:00:00+00:00
Create Fine,A2405,2006-08-20 22:00:00+00:00
Send Fine,A2405,2006-12-13 23:00:00+00:00
Payment,A2405,2007-01-09 23:00:00+00:00
Payment,A2405,2007-02-06 23:00:00+00:00
Create Fine,A24141,2007-12-21 23:00:00+00:00
Send Fine,A24141,2008-02-29 23:00:00+00:00
Insert Fine Notification,A24141,2008-03-09 23:00:00+00:00
Add penalty,A24141,2008-05-08 22:00:00+00:00
Insert Date Appeal to Prefecture,A24141,2008-06-10 22:00:00+00:00
Payment,A24141,2008-10-15 22:00:00+00:00
Receive Result Appeal from Prefecture,A24141,2008-11-04 23:00:00+00:00
Payment,A24141,2008-11-18 23:00:00+00:00
Create Fine,A24549,2008-02-22 23:00:00+00:00
Send Fine,A24549,2008-06-03 22:00:00+00:00
Insert Fine Notification,A24549,2008-06-08 22:00:00+00:00
Add penalty,A24549,2008-08-07 22:00:00+00:00
Insert Date Appeal to Prefecture,A24549,2008-08-25 22:00:00+00:00
Receive Result Appeal from Prefecture,A24549,2008-10-07 22:00:00+00:00
Notify Result Appeal to Offender,A24549,2008-10-13 22:00:00+00:00
Send for Credit Collection,A24549,2010-10-14 22:00:00+00:00
Send Appeal to Prefecture,A24549,2011-12-24 23:00:00+00:00
Create Fine,A2512,2006-09-03 22:00:00+00:00
Send Fine,A2512,2006-12-14 23:00:00+00:00
Insert Fine Notification,A2512,2006-12-22 23:00:00+00:00
Add penalty,A2512,2007-02-20 23:00:00+00:00
Notify Result Appeal to Offender,A2512,2007-10-05 22:00:00+00:00
Receive Result Appeal from Prefecture,A2512,2007-10-05 22:00:00+00:00
Send for Credit Collection,A2512,2009-03-29 22:00:00+00:00
Create Fine,A25436,2008-06-07 22:00:00+00:00
Send Fine,A25436,2008-07-29 22:00:00+00:00
Payment,A25436,2008-07-31 22:00:00+00:00
Insert Fine Notification,A25436,2008-08-04 22:00:00+00:00
Add penalty,A25436,2008-10-03 22:00:00+00:00
Send for Credit Collection,A25436,2010-10-14 22:00:00+00:00
Create Fine,A26532,2007-12-29 23:00:00+00:00
Send Fine,A26532,2008-02-29 23:00:00+00:00
Insert Fine Notification,A26532,2008-03-09 23:00:00+00:00
Insert Date Appeal to Prefecture,A26532,2008-03-26 23:00:00+00:00
Send Appeal to Prefecture,A26532,2008-04-22 22:00:00+00:00
Receive Result Appeal from Prefecture,A26532,2008-04-29 22:00:00+00:00
Notify Result Appeal to Offender,A26532,2008-05-04 22:00:00+00:00
Add penalty,A26532,2008-05-08 22:00:00+00:00
Send for Credit Collection,A26532,2009-03-29 22:00:00+00:00
Create Fine,A26902,2008-06-24 22:00:00+00:00
Send Fine,A26902,2008-09-02 22:00:00+00:00
Insert Fine Notification,A26902,2008-09-07 22:00:00+00:00
Insert Date Appeal to Prefecture,A26902,2008-09-28 22:00:00+00:00
Add penalty,A26902,2008-11-06 23:00:00+00:00
Send Appeal to Prefecture,A26902,2008-11-27 23:00:00+00:00
Receive Result Appeal from Prefecture,A26902,2009-02-11 23:00:00+00:00
Notify Result Appeal to Offender,A26902,2009-02-19 23:00:00+00:00
Appeal to Judge,A26902,2009-03-12 23:00:00+00:00
Payment,A26902,2009-03-16 23:00:00+00:00
Create Fine,A28658,2008-03-31 22:00:00+00:00
Send Fine,A28658,2008-06-04 22:00:00+00:00
Insert Date Appeal to Prefecture,A28658,2008-06-12 22:00:00+00:00
Insert Fine Notification,A28658,2008-06-22 22:00:00+00:00
Add penalty,A28658,2008-08-21 22:00:00+00:00
Send Appeal to Prefecture,A28658,2011-12-24 23:00:00+00:00
Create Fine,A29455,2008-06-24 22:00:00+00:00
Send Fine,A29455,2008-09-02 22:00:00+00:00
Insert Fine Notification,A29455,2008-09-10 22:00:00+00:00
Insert Date Appeal to Prefecture,A29455,2008-09-15 22:00:00+00:00
Send Appeal to Prefecture,A29455,2008-10-16 22:00:00+00:00
Receive Result Appeal from Prefecture,A29455,2008-11-05 23:00:00+00:00
Add penalty,A29455,2008-11-09 23:00:00+00:00
Notify Result Appeal to Offender,A29455,2008-11-12 23:00:00+00:00
Appeal to Judge,A29455,2008-12-14 23:00:00+00:00
Send for Credit Collection,A29455,2012-03-25 22:00:00+00:00
Create Fine,A30270,2008-07-17 22:00:00+00:00
Send Fine,A30270,2008-10-10 22:00:00+00:00
Insert Fine Notification,A30270,2008-11-07 23:00:00+00:00
Insert Date Appeal to Prefecture,A30270,2009-01-01 23:00:00+00:00
Add penalty,A30270,2009-01-06 23:00:00+00:00
Payment,A30270,2010-03-11 23:00:00+00:00
Create Fine,A31588,2008-06-13 22:00:00+00:00
Send Fine,A31588,2008-07-29 22:00:00+00:00
Insert Fine Notification,A31588,2008-08-07 22:00:00+00:00
Add penalty,A31588,2008-10-06 22:00:00+00:00
Appeal to Judge,A31588,2008-10-27 23:00:00+00:00
Create Fine,A32162,2008-06-17 22:00:00+00:00
Send Fine,A32162,2008-09-02 22:00:00+00:00
Insert Fine Notification,A32162,2008-09-12 22:00:00+00:00
Add penalty,A32162,2008-11-11 23:00:00+00:00
Insert Date Appeal to Prefecture,A32162,2008-11-16 23:00:00+00:00
Send Appeal to Prefecture,A32162,2009-01-07 23:00:00+00:00
Receive Result Appeal from Prefecture,A32162,2009-02-02 23:00:00+00:00
Notify Result Appeal to Offender,A32162,2009-02-06 23:00:00+00:00
Create Fine,A32224,2008-07-19 22:00:00+00:00
Send Fine,A32224,2008-10-10 22:00:00+00:00
Insert Fine Notification,A32224,2008-10-19 22:00:00+00:00
Insert Date Appeal to Prefecture,A32224,2008-11-06 23:00:00+00:00
Send Appeal to Prefecture,A32224,2008-12-14 23:00:00+00:00
Add penalty,A32224,2008-12-18 23:00:00+00:00
Receive Result Appeal from Prefecture,A32224,2009-02-05 23:00:00+00:00
Notify Result Appeal to Offender,A32224,2009-02-12 23:00:00+00:00
Appeal to Judge,A32224,2009-03-09 23:00:00+00:00
Create Fine,A32727,2008-07-07 22:00:00+00:00
Send Fine,A32727,2008-09-10 22:00:00+00:00
Insert Date Appeal to Prefecture,A32727,2008-09-22 22:00:00+00:00
Insert Fine Notification,A32727,2008-09-22 22:00:00+00:00
Add penalty,A32727,2008-11-21 23:00:00+00:00
Send Appeal to Prefecture,A32727,2008-12-14 23:00:00+00:00
Receive Result Appeal from Prefecture,A32727,2009-02-03 23:00:00+00:00
Notify Result Appeal to Offender,A32727,2009-02-06 23:00:00+00:00
Send for Credit Collection,A32727,2010-10-14 22:00:00+00:00
Create Fine,A3350,2006-09-10 22:00:00+00:00
Send Fine,A3350,2006-12-28 23:00:00+00:00
Insert Fine Notification,A3350,2007-01-07 23:00:00+00:00
Insert Date Appeal to Prefecture,A3350,2007-03-07 23:00:00+00:00
Add penalty,A3350,2007-03-08 23:00:00+00:00
Receive Result Appeal from Prefecture,A3350,2007-07-31 22:00:00+00:00
Notify Result Appeal to Offender,A3350,2007-08-10 22:00:00+00:00
Send for Credit Collection,A3350,2009-03-29 22:00:00+00:00
Send Appeal to Prefecture,A3350,2011-12-24 23:00:00+00:00
Create Fine,A34030,2008-08-02 22:00:00+00:00
Send Fine,A34030,2008-10-20 22:00:00+00:00
Insert Fine Notification,A34030,2008-11-06 23:00:00+00:00
Add penalty,A34030,2009-01-05 23:00:00+00:00
Appeal to Judge,A34030,2009-03-26 23:00:00+00:00
Send for Credit Collection,A34030,2012-03-25 22:00:00+00:00
Create Fine,A35349,2008-10-30 23:00:00+00:00
Send Fine,A35349,2009-01-13 23:00:00+00:00
Insert Fine Notification,A35349,2009-01-23 23:00:00+00:00
Add penalty,A35349,2009-03-24 23:00:00+00:00
Insert Date Appeal to Prefecture,A35349,2009-04-05 22:00:00+00:00
Send Appeal to Prefecture,A35349,2009-05-03 22:00:00+00:00
Receive Result Appeal from Prefecture,A35349,2009-09-14 22:00:00+00:00
Create Fine,A37341,2008-11-05 23:00:00+00:00
Send Fine,A37341,2009-03-31 22:00:00+00:00
Insert Fine Notification,A37341,2009-04-07 22:00:00+00:00
Receive Result Appeal from Prefecture,A37341,2009-06-04 22:00:00+00:00
Add penalty,A37341,2009-06-06 22:00:00+00:00
Notify Result Appeal to Offender,A37341,2009-06-15 22:00:00+00:00
Payment,A37341,2009-07-05 22:00:00+00:00
Create Fine,A43211,2009-06-02 22:00:00+00:00
Send Fine,A43211,2009-07-28 22:00:00+00:00
Insert Fine Notification,A43211,2009-08-04 22:00:00+00:00
Insert Date Appeal to Prefecture,A43211,2009-09-01 22:00:00+00:00
Add penalty,A43211,2009-10-03 22:00:00+00:00
Receive Result Appeal from Prefecture,A43211,2010-03-07 23:00:00+00:00
Notify Result Appeal to Offender,A43211,2010-03-19 23:00:00+00:00
Create Fine,A43302,2009-06-17 22:00:00+00:00
Send Fine,A43302,2009-09-17 22:00:00+00:00
Insert Fine Notification,A43302,2009-09-27 22:00:00+00:00
Insert Date Appeal to Prefecture,A43302,2009-10-08 22:00:00+00:00
Add penalty,A43302,2009-11-26 23:00:00+00:00
Receive Result Appeal from Prefecture,A43302,2010-03-07 23:00:00+00:00
Notify Result Appeal to Offender,A43302,2010-03-15 23:00:00+00:00
Send Appeal to Prefecture,A43302,2011-12-24 23:00:00+00:00
Send for Credit Collection,A43302,2012-03-25 22:00:00+00:00
Create Fine,A44928,2009-08-01 22:00:00+00:00
Send Fine,A44928,2009-12-08 23:00:00+00:00
Insert Fine Notification,A44928,2009-12-15 23:00:00+00:00
Insert Date Appeal to Prefecture,A44928,2010-01-21 23:00:00+00:00
Add penalty,A44928,2010-02-13 23:00:00+00:00
Send Appeal to Prefecture,A44928,2010-06-03 22:00:00+00:00
Receive Result Appeal from Prefecture,A44928,2010-09-20 22:00:00+00:00
Appeal to Judge,A44928,2010-09-26 22:00:00+00:00
Notify Result Appeal to Offender,A44928,2010-10-01 22:00:00+00:00
Payment,A44928,2010-11-25 23:00:00+00:00
Create Fine,A590,2006-08-21 22:00:00+00:00
Send Fine,A590,2006-12-13 23:00:00+00:00
Insert Fine Notification,A590,2006-12-21 23:00:00+00:00
Add penalty,A590,2007-02-19 23:00:00+00:00
Appeal to Judge,A590,2007-02-25 23:00:00+00:00
Payment,A590,2008-09-11 22:00:00+00:00
Create Fine,A5922,2006-12-06 23:00:00+00:00
Insert Date Appeal to Prefecture,A5922,2007-04-29 22:00:00+00:00
Send Fine,A5922,2007-06-26 22:00:00+00:00
Insert Fine Notification,A5922,2007-07-05 22:00:00+00:00
Add penalty,A5922,2007-09-03 22:00:00+00:00
Send Appeal to Prefecture,A5922,2011-12-24 23:00:00+00:00
Create Fine,A823,2006-08-11 22:00:00+00:00
Send Fine,A823,2006-12-12 23:00:00+00:00
Insert Fine Notification,A823,2007-01-02 23:00:00+00:00
Appeal to Judge,A823,2007-02-19 23:00:00+00:00
Add penalty,A823,2007-03-03 23:00:00+00:00
Insert Date Appeal to Prefecture,A823,2007-03-11 23:00:00+00:00
Send Appeal to Prefecture,A823,2007-05-02 22:00:00+00:00
Payment,A823,2007-12-17 23:00:00+00:00
Create Fine,A8733,2007-02-05 23:00:00+00:00
Send Fine,A8733,2007-06-26 22:00:00+00:00
Insert Fine Notification,A8733,2007-07-05 22:00:00+00:00
Insert Date Appeal to Prefecture,A8733,2007-08-02 22:00:00+00:00
Add penalty,A8733,2007-09-03 22:00:00+00:00
Send Appeal to Prefecture,A8733,2007-09-03 22:00:00+00:00
Receive Result Appeal from Prefecture,A8733,2007-09-26 22:00:00+00:00
Notify Result Appeal to Offender,A8733,2007-10-05 22:00:00+00:00
Create Fine,C10852,2000-03-29 22:00:00+00:00
Send Fine,C10852,2000-03-29 22:00:00+00:00
Insert Fine Notification,C10852,2000-03-29 22:00:00+00:00
Add penalty,C10852,2000-05-28 22:00:00+00:00
Insert Date Appeal to Prefecture,C10852,2000-06-01 22:00:00+00:00
Send Appeal to Prefecture,C10852,2000-06-19 22:00:00+00:00
Payment,C10852,2000-09-10 22:00:00+00:00
Payment,C10852,2000-10-04 22:00:00+00:00
Payment,C10852,2000-11-05 23:00:00+00:00
Payment,C10852,2000-12-04 23:00:00+00:00
Payment,C10852,2001-01-08 23:00:00+00:00
Payment,C10852,2001-03-04 23:00:00+00:00
Payment,C10852,2001-05-01 22:00:00+00:00
Payment,C10852,2001-05-29 22:00:00+00:00
Payment,C10852,2001-07-02 22:00:00+00:00
Payment,C10852,2001-08-29 22:00:00+00:00
Create Fine,C11327,2000-04-05 22:00:00+00:00
Insert Date Appeal to Prefecture,C11327,2000-04-21 22:00:00+00:00
Send Appeal to Prefecture,C11327,2000-04-25 22:00:00+00:00
Send Fine,C11327,2000-07-08 22:00:00+00:00
Insert Fine Notification,C11327,2000-07-13 22:00:00+00:00
Payment,C11327,2000-08-09 22:00:00+00:00
Add penalty,C11327,2000-09-11 22:00:00+00:00
Payment,C11327,2001-02-15 23:00:00+00:00
Create Fine,C12875,2001-01-27 23:00:00+00:00
Insert Date Appeal to Prefecture,C12875,2001-03-13 23:00:00+00:00
Send Appeal to Prefecture,C12875,2001-04-04 22:00:00+00:00
Send Fine,C12875,2001-05-08 22:00:00+00:00
Create Fine,C13062,2001-04-08 22:00:00+00:00
Send Fine,C13062,2001-04-08 22:00:00+00:00
Insert Fine Notification,C13062,2001-04-08 22:00:00+00:00
Insert Date Appeal to Prefecture,C13062,2001-05-20 22:00:00+00:00
Add penalty,C13062,2001-06-07 22:00:00+00:00
Payment,C13062,2002-12-08 23:00:00+00:00
Payment,C13062,2003-01-06 23:00:00+00:00
Payment,C13062,2003-02-05 23:00:00+00:00
Payment,C13062,2003-03-06 23:00:00+00:00
Payment,C13062,2003-04-06 22:00:00+00:00
Payment,C13062,2003-05-06 22:00:00+00:00
Payment,C13062,2003-06-09 22:00:00+00:00
Payment,C13062,2003-07-06 22:00:00+00:00
Payment,C13062,2003-08-06 22:00:00+00:00
Payment,C13062,2003-09-08 22:00:00+00:00
Create Fine,C13897,2002-07-17 22:00:00+00:00
Send Fine,C13897,2002-07-17 22:00:00+00:00
Insert Fine Notification,C13897,2002-07-17 22:00:00+00:00
Appeal to Judge,C13897,2002-07-18 22:00:00+00:00
Add penalty,C13897,2002-09-15 22:00:00+00:00
Insert Date Appeal to Prefecture,C13897,2002-09-15 22:00:00+00:00
Send Appeal to Prefecture,C13897,2002-09-16 22:00:00+00:00
Create Fine,C14426,2001-11-04 23:00:00+00:00
Send Fine,C14426,2001-11-15 23:00:00+00:00
Insert Fine Notification,C14426,2001-12-21 23:00:00+00:00
Insert Date Appeal to Prefecture,C14426,2001-12-26 23:00:00+00:00
Send Appeal to Prefecture,C14426,2002-01-15 23:00:00+00:00
Receive Result Appeal from Prefecture,C14426,2002-01-16 23:00:00+00:00
Add penalty,C14426,2002-02-19 23:00:00+00:00
Notify Result Appeal to Offender,C14426,2002-06-25 22:00:00+00:00
Send for Credit Collection,C14426,2004-01-09 23:00:00+00:00
Create Fine,C14976,2002-06-21 22:00:00+00:00
Send Fine,C14976,2002-06-21 22:00:00+00:00
Insert Fine Notification,C14976,2002-06-21 22:00:00+00:00
Add penalty,C14976,2002-08-20 22:00:00+00:00
Payment,C14976,2002-08-20 22:00:00+00:00
Insert Date Appeal to Prefecture,C14976,2002-08-21 22:00:00+00:00
Send Appeal to Prefecture,C14976,2002-09-09 22:00:00+00:00
Create Fine,C15958,2004-03-21 23:00:00+00:00
Send Fine,C15958,2004-03-21 23:00:00+00:00
Insert Fine Notification,C15958,2004-03-21 23:00:00+00:00
Add penalty,C15958,2004-05-20 22:00:00+00:00
Payment,C15958,2004-06-08 22:00:00+00:00
Payment,C15958,2004-07-18 22:00:00+00:00
Payment,C15958,2004-08-24 22:00:00+00:00
Payment,C15958,2004-09-20 22:00:00+00:00
Payment,C15958,2004-10-03 22:00:00+00:00
Create Fine,C16549,2003-09-25 22:00:00+00:00
Send Fine,C16549,2003-09-25 22:00:00+00:00
Insert Fine Notification,C16549,2003-09-25 22:00:00+00:00
Insert Date Appeal to Prefecture,C16549,2003-11-13 23:00:00+00:00
Add penalty,C16549,2003-11-24 23:00:00+00:00
Payment,C16549,2003-11-25 23:00:00+00:00
Send Appeal to Prefecture,C16549,2003-12-02 23:00:00+00:00
Create Fine,C16950,2003-09-16 22:00:00+00:00
Send Fine,C16950,2003-09-16 22:00:00+00:00
Insert Fine Notification,C16950,2003-09-16 22:00:00+00:00
Insert Date Appeal to Prefecture,C16950,2003-10-06 22:00:00+00:00
Send Appeal to Prefecture,C16950,2003-10-26 23:00:00+00:00
Add penalty,C16950,2003-11-15 23:00:00+00:00
Receive Result Appeal from Prefecture,C16950,2003-12-14 23:00:00+00:00
Notify Result Appeal to Offender,C16950,2004-02-19 23:00:00+00:00
Appeal to Judge,C16950,2004-02-20 23:00:00+00:00
Payment,C16950,2005-03-09 23:00:00+00:00
Payment,C16950,2005-04-11 22:00:00+00:00
Payment,C16950,2005-05-11 22:00:00+00:00
Create Fine,C17552,2005-02-01 23:00:00+00:00
Send Fine,C17552,2005-04-12 22:00:00+00:00
Insert Fine Notification,C17552,2005-04-12 22:00:00+00:00
Add penalty,C17552,2005-06-11 22:00:00+00:00
Receive Result Appeal from Prefecture,C17552,2005-10-06 22:00:00+00:00
Notify Result Appeal to Offender,C17552,2005-12-15 23:00:00+00:00
Appeal to Judge,C17552,2006-01-11 23:00:00+00:00
Create Fine,C17607,2004-11-06 23:00:00+00:00
Send Fine,C17607,2004-11-06 23:00:00+00:00
Insert Fine Notification,C17607,2004-11-06 23:00:00+00:00
Appeal to Judge,C17607,2004-11-08 23:00:00+00:00
Add penalty,C17607,2005-01-05 23:00:00+00:00
Payment,C17607,2006-03-05 23:00:00+00:00
Payment,C17607,2006-04-02 22:00:00+00:00
Payment,C17607,2006-05-08 22:00:00+00:00
Payment,C17607,2006-06-06 22:00:00+00:00
Payment,C17607,2006-07-09 22:00:00+00:00
Payment,C17607,2006-08-07 22:00:00+00:00
Payment,C17607,2006-09-19 22:00:00+00:00
Payment,C17607,2006-10-25 22:00:00+00:00
Payment,C17607,2006-12-06 23:00:00+00:00
Payment,C17607,2007-01-02 23:00:00+00:00
Payment,C17607,2007-02-20 23:00:00+00:00
Payment,C17607,2007-05-01 22:00:00+00:00
Create Fine,C17798,2005-11-15 23:00:00+00:00
Send Fine,C17798,2005-11-15 23:00:00+00:00
Insert Fine Notification,C17798,2005-11-15 23:00:00+00:00
Appeal to Judge,C17798,2005-12-21 23:00:00+00:00
Add penalty,C17798,2006-01-14 23:00:00+00:00
Payment,C17798,2007-02-20 23:00:00+00:00
Payment,C17798,2007-07-09 22:00:00+00:00
Create Fine,C18190,2005-09-08 22:00:00+00:00
Send Fine,C18190,2005-12-21 23:00:00+00:00
Insert Fine Notification,C18190,2006-01-13 23:00:00+00:00
Appeal to Judge,C18190,2006-03-12 23:00:00+00:00
Add penalty,C18190,2006-03-14 23:00:00+00:00
Payment,C18190,2006-09-04 22:00:00+00:00
Payment,C18190,2006-10-04 22:00:00+00:00
Payment,C18190,2006-11-05 23:00:00+00:00
Payment,C18190,2006-12-04 23:00:00+00:00
Payment,C18190,2007-01-08 23:00:00+00:00
Payment,C18190,2007-02-07 23:00:00+00:00
Payment,C18190,2007-03-04 23:00:00+00:00
Payment,C18190,2007-04-04 22:00:00+00:00
Payment,C18190,2007-05-06 22:00:00+00:00
Payment,C18190,2007-06-11 22:00:00+00:00
Create Fine,C18213,2005-11-20 23:00:00+00:00
Send Fine,C18213,2005-11-20 23:00:00+00:00
Insert Fine Notification,C18213,2005-11-20 23:00:00+00:00
Add penalty,C18213,2006-01-19 23:00:00+00:00
Insert Date Appeal to Prefecture,C18213,2006-12-11 23:00:00+00:00
Payment,C18213,2006-12-14 23:00:00+00:00
Payment,C18213,2007-01-18 23:00:00+00:00
Payment,C18213,2007-02-21 23:00:00+00:00
Payment,C18213,2007-03-27 22:00:00+00:00
Create Fine,C18902,2006-08-08 22:00:00+00:00
Send Fine,C18902,2006-08-08 22:00:00+00:00
Insert Fine Notification,C18902,2006-08-08 22:00:00+00:00
Insert Date Appeal to Prefecture,C18902,2006-08-21 22:00:00+00:00
Add penalty,C18902,2006-10-07 22:00:00+00:00
Send Appeal to Prefecture,C18902,2006-10-15 22:00:00+00:00
Receive Result Appeal from Prefecture,C18902,2006-11-22 23:00:00+00:00
Create Fine,C19089,2006-07-23 22:00:00+00:00
Send Fine,C19089,2006-07-23 22:00:00+00:00
Insert Fine Notification,C19089,2006-07-23 22:00:00+00:00
Add penalty,C19089,2006-09-21 22:00:00+00:00
Payment,C19089,2007-06-22 22:00:00+00:00
Payment,C19089,2007-07-26 22:00:00+00:00
Payment,C19089,2007-08-23 22:00:00+00:00
Payment,C19089,2007-09-20 22:00:00+00:00
Payment,C19089,2007-10-26 22:00:00+00:00
Payment,C19089,2008-01-24 23:00:00+00:00
Payment,C19089,2008-08-03 22:00:00+00:00
Payment,C19089,2008-10-13 22:00:00+00:00
Create Fine,C19108,2006-09-15 22:00:00+00:00
Send Fine,C19108,2006-10-04 22:00:00+00:00
Insert Fine Notification,C19108,2006-10-04 22:00:00+00:00
Appeal to Judge,C19108,2006-10-09 22:00:00+00:00
Add penalty,C19108,2006-12-03 23:00:00+00:00
Payment,C19108,2007-06-04 22:00:00+00:00
Payment,C19108,2007-07-08 22:00:00+00:00
Payment,C19108,2007-08-08 22:00:00+00:00
Payment,C19108,2007-09-12 22:00:00+00:00
Payment,C19108,2007-10-05 22:00:00+00:00
Payment,C19108,2007-11-14 23:00:00+00:00
Payment,C19108,2008-01-08 23:00:00+00:00
Payment,C19108,2008-02-08 23:00:00+00:00
Payment,C19108,2008-03-12 23:00:00+00:00
Payment,C19108,2008-06-25 22:00:00+00:00
Payment,C19108,2008-08-25 22:00:00+00:00
Create Fine,C19128,2006-09-05 22:00:00+00:00
Send Fine,C19128,2006-09-05 22:00:00+00:00
Insert Fine Notification,C19128,2006-09-05 22:00:00+00:00
Insert Date Appeal to Prefecture,C19128,2006-09-10 22:00:00+00:00
Send Appeal to Prefecture,C19128,2006-10-15 22:00:00+00:00
Add penalty,C19128,2006-11-04 23:00:00+00:00
Receive Result Appeal from Prefecture,C19128,2006-11-22 23:00:00+00:00
Create Fine,C20123,2010-01-08 23:00:00+00:00
Send Fine,C20123,2010-01-08 23:00:00+00:00
Insert Fine Notification,C20123,2010-01-08 23:00:00+00:00
Add penalty,C20123,2010-03-09 23:00:00+00:00
Appeal to Judge,C20123,2010-03-09 23:00:00+00:00
Receive Result Appeal from Prefecture,C20123,2011-07-25 22:00:00+00:00
Create Fine,C20817,2009-06-28 22:00:00+00:00
Send Fine,C20817,2009-06-28 22:00:00+00:00
Insert Fine Notification,C20817,2009-06-28 22:00:00+00:00
Appeal to Judge,C20817,2009-07-08 22:00:00+00:00
Add penalty,C20817,2009-08-27 22:00:00+00:00
Payment,C20817,2010-02-23 23:00:00+00:00
Payment,C20817,2010-03-21 23:00:00+00:00
Payment,C20817,2010-04-15 22:00:00+00:00
Payment,C20817,2010-05-16 22:00:00+00:00
Payment,C20817,2010-06-20 22:00:00+00:00
Payment,C20817,2010-07-18 22:00:00+00:00
Payment,C20817,2010-08-12 22:00:00+00:00
Payment,C20817,2010-09-15 22:00:00+00:00
Payment,C20817,2010-10-01 22:00:00+00:00
Payment,C20817,2010-10-29 22:00:00+00:00
Payment,C20817,2010-12-02 23:00:00+00:00
Payment,C20817,2011-01-12 23:00:00+00:00
Payment,C20817,2011-01-30 23:00:00+00:00
Payment,C20817,2011-03-15 23:00:00+00:00
Payment,C20817,2011-04-08 22:00:00+00:00
Create Fine,C20986,2010-06-25 22:00:00+00:00
Send Fine,C20986,2010-09-08 22:00:00+00:00
Insert Fine Notification,C20986,2010-09-30 22:00:00+00:00
Add penalty,C20986,2010-11-29 23:00:00+00:00
Payment,C20986,2011-01-19 23:00:00+00:00
Payment,C20986,2011-02-27 23:00:00+00:00
Send for Credit Collection,C20986,2012-03-25 22:00:00+00:00
Create Fine,C21036,2009-09-12 22:00:00+00:00
Appeal to Judge,C21036,2009-10-07 22:00:00+00:00
Send Fine,C21036,2010-03-03 23:00:00+00:00
Payment,C21036,2010-10-22 22:00:00+00:00
Create Fine,C21050,2009-08-02 22:00:00+00:00
Send Fine,C21050,2009-08-02 22:00:00+00:00
Insert Fine Notification,C21050,2009-08-02 22:00:00+00:00
Add penalty,C21050,2009-10-01 22:00:00+00:00
Payment,C21050,2011-10-03 22:00:00+00:00
Payment,C21050,2011-11-07 23:00:00+00:00
Payment,C21050,2011-12-08 23:00:00+00:00
Payment,C21050,2012-01-09 23:00:00+00:00
Create Fine,C21281,2009-12-11 23:00:00+00:00
Send Fine,C21281,2009-12-11 23:00:00+00:00
Insert Fine Notification,C21281,2009-12-11 23:00:00+00:00
Add penalty,C21281,2010-02-09 23:00:00+00:00
Payment,C21281,2011-08-31 22:00:00+00:00
Payment,C21281,2011-10-03 22:00:00+00:00
Payment,C21281,2011-11-01 23:00:00+00:00
Payment,C21281,2011-12-05 23:00:00+00:00
Payment,C21281,2012-01-02 23:00:00+00:00
Payment,C21281,2012-01-31 23:00:00+00:00
Create Fine,C22750,2011-10-12 22:00:00+00:00
Send Fine,C22750,2011-10-12 22:00:00+00:00
Insert Fine Notification,C22750,2011-10-13 22:00:00+00:00
Add penalty,C22750,2011-12-12 23:00:00+00:00
Payment,C22750,2012-01-18 23:00:00+00:00
Payment,C22750,2012-02-19 23:00:00+00:00
Payment,C22750,2012-03-20 23:00:00+00:00
Payment,C22750,2012-04-23 22:00:00+00:00
Payment,C22750,2012-05-21 22:00:00+00:00
Payment,C22750,2012-06-27 22:00:00+00:00
Payment,C22750,2012-07-26 22:00:00+00:00
Create Fine,C22811,2011-12-13 23:00:00+00:00
Send Fine,C22811,2011-12-13 23:00:00+00:00
Insert Fine Notification,C22811,2011-12-13 23:00:00+00:00
Payment,C22811,2012-01-23 23:00:00+00:00
Add penalty,C22811,2012-02-11 23:00:00+00:00
Payment,C22811,2012-02-21 23:00:00+00:00
Payment,C22811,2012-03-08 23:00:00+00:00
Payment,C22811,2012-04-25 22:00:00+00:00
Payment,C22811,2012-05-24 22:00:00+00:00
Payment,C22811,2012-06-21 22:00:00+00:00
Payment,C22811,2012-07-30 22:00:00+00:00
Create Fine,C22966,2012-07-15 22:00:00+00:00
Send Fine,C22966,2012-10-04 22:00:00+00:00
Insert Date Appeal to Prefecture,C22966,2012-12-04 23:00:00+00:00
Payment,C22966,2012-12-09 23:00:00+00:00
Send Appeal to Prefecture,C22966,2013-01-21 23:00:00+00:00
Create Fine,C23364,2012-11-02 23:00:00+00:00
Send Fine,C23364,2012-11-02 23:00:00+00:00
Insert Fine Notification,C23364,2012-11-02 23:00:00+00:00
Payment,C23364,2012-12-02 23:00:00+00:00
Add penalty,C23364,2013-01-01 23:00:00+00:00
Payment,C23364,2013-01-07 23:00:00+00:00
Payment,C23364,2013-02-06 23:00:00+00:00
Payment,C23364,2013-02-17 23:00:00+00:00
Payment,C23364,2013-02-18 23:00:00+00:00
Create Fine,L2393,2012-12-06 23:00:00+00:00
Send Fine,L2393,2012-12-06 23:00:00+00:00
Insert Fine Notification,L2393,2012-12-16 23:00:00+00:00
Payment,L2393,2013-01-20 23:00:00+00:00
Add penalty,L2393,2013-02-14 23:00:00+00:00
Payment,L2393,2013-02-27 23:00:00+00:00
Payment,L2393,2013-03-21 23:00:00+00:00
Payment,L2393,2013-04-16 22:00:00+00:00
Create Fine,N100056,2006-06-19 22:00:00+00:00
Send Fine,N100056,2006-11-02 23:00:00+00:00
Insert Fine Notification,N100056,2006-12-02 23:00:00+00:00
Add penalty,N100056,2007-01-31 23:00:00+00:00
Receive Result Appeal from Prefecture,N100056,2007-04-10 22:00:00+00:00
Notify Result Appeal to Offender,N100056,2007-04-18 22:00:00+00:00
Send for Credit Collection,N100056,2009-03-29 22:00:00+00:00
Create Fine,N100576,2006-06-28 22:00:00+00:00
Send Fine,N100576,2006-11-15 23:00:00+00:00
Insert Fine Notification,N100576,2006-11-27 23:00:00+00:00
Add penalty,N100576,2007-01-26 23:00:00+00:00
Insert Date Appeal to Prefecture,N100576,2007-03-06 23:00:00+00:00
Receive Result Appeal from Prefecture,N100576,2007-09-30 22:00:00+00:00
Notify Result Appeal to Offender,N100576,2007-10-08 22:00:00+00:00
Appeal to Judge,N100576,2007-10-17 22:00:00+00:00
Create Fine,N100627,2006-06-29 22:00:00+00:00
Send Fine,N100627,2006-11-15 23:00:00+00:00
Insert Fine Notification,N100627,2006-11-27 23:00:00+00:00
Add penalty,N100627,2007-01-26 23:00:00+00:00
Insert Date Appeal to Prefecture,N100627,2007-02-08 23:00:00+00:00
Receive Result Appeal from Prefecture,N100627,2007-07-11 22:00:00+00:00
Notify Result Appeal to Offender,N100627,2007-07-18 22:00:00+00:00
Appeal to Judge,N100627,2007-09-06 22:00:00+00:00
Send Appeal to Prefecture,N100627,2011-12-24 23:00:00+00:00
Create Fine,N101006,2006-06-29 22:00:00+00:00
Send Fine,N101006,2006-11-15 23:00:00+00:00
Insert Fine Notification,N101006,2006-11-27 23:00:00+00:00
Insert Date Appeal to Prefecture,N101006,2007-01-02 23:00:00+00:00
Add penalty,N101006,2007-01-26 23:00:00+00:00
Receive Result Appeal from Prefecture,N101006,2007-03-29 22:00:00+00:00
Send Appeal to Prefecture,N101006,2011-12-24 23:00:00+00:00
Create Fine,N102208,2006-07-26 22:00:00+00:00
Send Fine,N102208,2006-12-11 23:00:00+00:00
Insert Fine Notification,N102208,2007-01-03 23:00:00+00:00
Insert Date Appeal to Prefecture,N102208,2007-02-12 23:00:00+00:00
Add penalty,N102208,2007-03-04 23:00:00+00:00
Receive Result Appeal from Prefecture,N102208,2007-06-27 22:00:00+00:00
Payment,N102208,2007-07-12 22:00:00+00:00
Create Fine,N102972,2006-07-31 22:00:00+00:00
Payment,N102972,2006-08-01 22:00:00+00:00
Send Fine,N102972,2006-12-11 23:00:00+00:00
Insert Fine Notification,N102972,2006-12-19 23:00:00+00:00
Add penalty,N102972,2007-02-17 23:00:00+00:00
Payment,N102972,2008-10-15 22:00:00+00:00
Send for Credit Collection,N102972,2009-03-29 22:00:00+00:00
Create Fine,N22574,2000-01-30 23:00:00+00:00
Send Fine,N22574,2000-03-22 23:00:00+00:00
Payment,N22574,2000-04-20 22:00:00+00:00
Insert Fine Notification,N22574,2000-04-26 22:00:00+00:00
Add penalty,N22574,2000-06-25 22:00:00+00:00
Payment,N22574,2000-09-24 22:00:00+00:00
Create Fine,N25594,2000-05-29 22:00:00+00:00
Send Fine,N25594,2000-07-19 22:00:00+00:00
Insert Fine Notification,N25594,2000-08-02 22:00:00+00:00
Insert Date Appeal to Prefecture,N25594,2000-08-08 22:00:00+00:00
Send Appeal to Prefecture,N25594,2000-08-17 22:00:00+00:00
Add penalty,N25594,2000-10-01 22:00:00+00:00
Receive Result Appeal from Prefecture,N25594,2000-11-20 23:00:00+00:00
Notify Result Appeal to Offender,N25594,2000-11-23 23:00:00+00:00
Create Fine,N26309,2000-07-02 22:00:00+00:00
Send Fine,N26309,2000-08-25 22:00:00+00:00
Insert Fine Notification,N26309,2000-09-13 22:00:00+00:00
Payment,N26309,2000-11-08 23:00:00+00:00
Add penalty,N26309,2000-11-12 23:00:00+00:00
Payment,N26309,2001-01-25 23:00:00+00:00
Send for Credit Collection,N26309,2002-04-09 22:00:00+00:00
Create Fine,N27915,2000-09-19 22:00:00+00:00
Payment,N27915,2000-10-17 22:00:00+00:00
Send Fine,N27915,2000-10-29 23:00:00+00:00
Insert Fine Notification,N27915,2000-11-17 23:00:00+00:00
Payment,N27915,2000-12-01 23:00:00+00:00
Add penalty,N27915,2001-01-16 23:00:00+00:00
Payment,N27915,2001-01-24 23:00:00+00:00
Create Fine,N29373,2000-08-31 22:00:00+00:00
Send Fine,N29373,2000-10-29 23:00:00+00:00
Payment,N29373,2000-10-30 23:00:00+00:00
Insert Fine Notification,N29373,2000-11-19 23:00:00+00:00
Payment,N29373,2001-01-04 23:00:00+00:00
Add penalty,N29373,2001-01-18 23:00:00+00:00
Payment,N29373,2001-01-31 23:00:00+00:00
Create Fine,N35881,2001-08-12 22:00:00+00:00
Send Fine,N35881,2001-11-08 23:00:00+00:00
Insert Fine Notification,N35881,2001-12-09 23:00:00+00:00
Insert Date Appeal to Prefecture,N35881,2002-01-07 23:00:00+00:00
Send Appeal to Prefecture,N35881,2002-02-03 23:00:00+00:00
Receive Result Appeal from Prefecture,N35881,2002-02-05 23:00:00+00:00
Add penalty,N35881,2002-02-07 23:00:00+00:00
Notify Result Appeal to Offender,N35881,2002-04-29 22:00:00+00:00
Payment,N35881,2002-05-08 22:00:00+00:00
Send for Credit Collection,N35881,2004-01-09 23:00:00+00:00
Create Fine,N36533,2001-08-14 22:00:00+00:00
Send Fine,N36533,2001-11-08 23:00:00+00:00
Insert Fine Notification,N36533,2001-12-06 23:00:00+00:00
Add penalty,N36533,2002-02-04 23:00:00+00:00
Insert Date Appeal to Prefecture,N36533,2002-02-13 23:00:00+00:00
Send Appeal to Prefecture,N36533,2002-03-06 23:00:00+00:00
Payment,N36533,2002-10-17 22:00:00+00:00
Create Fine,N36911,2001-09-23 22:00:00+00:00
Send Fine,N36911,2001-11-15 23:00:00+00:00
Insert Fine Notification,N36911,2001-12-26 23:00:00+00:00
Insert Date Appeal to Prefecture,N36911,2002-01-02 23:00:00+00:00
Receive Result Appeal from Prefecture,N36911,2002-01-30 23:00:00+00:00
Send Appeal to Prefecture,N36911,2002-02-03 23:00:00+00:00
Add penalty,N36911,2002-02-24 23:00:00+00:00
Notify Result Appeal to Offender,N36911,2002-09-06 22:00:00+00:00
Send for Credit Collection,N36911,2004-01-09 23:00:00+00:00
Create Fine,N37813,2001-10-07 22:00:00+00:00
Send Fine,N37813,2001-11-23 23:00:00+00:00
Insert Fine Notification,N37813,2001-12-02 23:00:00+00:00
Add penalty,N37813,2002-01-31 23:00:00+00:00
Insert Date Appeal to Prefecture,N37813,2002-02-11 23:00:00+00:00
Receive Result Appeal from Prefecture,N37813,2002-03-06 23:00:00+00:00
Send Appeal to Prefecture,N37813,2002-03-06 23:00:00+00:00
Notify Result Appeal to Offender,N37813,2002-09-05 22:00:00+00:00
Payment,N37813,2002-11-05 23:00:00+00:00
Create Fine,N38561,2001-12-12 23:00:00+00:00
Send Fine,N38561,2001-12-21 23:00:00+00:00
Insert Fine Notification,N38561,2002-01-02 23:00:00+00:00
Payment,N38561,2002-01-16 23:00:00+00:00
Add penalty,N38561,2002-03-03 23:00:00+00:00
Payment,N38561,2002-04-09 22:00:00+00:00
Payment,N38561,2002-06-07 22:00:00+00:00
Create Fine,N38713,2001-11-16 23:00:00+00:00
Send Fine,N38713,2001-12-10 23:00:00+00:00
Insert Fine Notification,N38713,2001-12-21 23:00:00+00:00
Appeal to Judge,N38713,2001-12-22 23:00:00+00:00
Insert Date Appeal to Prefecture,N38713,2002-01-06 23:00:00+00:00
Add penalty,N38713,2002-02-19 23:00:00+00:00
Payment,N38713,2002-08-21 22:00:00+00:00
Create Fine,N38946,2002-01-22 23:00:00+00:00
Send Fine,N38946,2002-04-26 22:00:00+00:00
Insert Fine Notification,N38946,2002-05-07 22:00:00+00:00
Insert Date Appeal to Prefecture,N38946,2002-06-09 22:00:00+00:00
Send Appeal to Prefecture,N38946,2002-07-03 22:00:00+00:00
Add penalty,N38946,2002-07-06 22:00:00+00:00
Payment,N38946,2002-09-24 22:00:00+00:00
Payment,N38946,2002-10-24 22:00:00+00:00
Create Fine,N39144,2002-01-03 23:00:00+00:00
Send Fine,N39144,2002-04-26 22:00:00+00:00
Insert Fine Notification,N39144,2002-05-02 22:00:00+00:00
Insert Date Appeal to Prefecture,N39144,2002-05-26 22:00:00+00:00
Receive Result Appeal from Prefecture,N39144,2002-06-10 22:00:00+00:00
Send Appeal to Prefecture,N39144,2002-06-10 22:00:00+00:00
Add penalty,N39144,2002-07-01 22:00:00+00:00
Notify Result Appeal to Offender,N39144,2002-10-23 22:00:00+00:00
Payment,N39144,2002-11-03 23:00:00+00:00
Create Fine,N40086,2002-03-22 23:00:00+00:00
Send Fine,N40086,2002-06-09 22:00:00+00:00
Insert Date Appeal to Prefecture,N40086,2002-07-10 22:00:00+00:00
Send Appeal to Prefecture,N40086,2002-07-30 22:00:00+00:00
Payment,N40086,2002-08-08 22:00:00+00:00
Create Fine,N40397,2003-03-12 23:00:00+00:00
Send Fine,N40397,2003-05-19 22:00:00+00:00
Insert Fine Notification,N40397,2003-05-26 22:00:00+00:00
Add penalty,N40397,2003-07-25 22:00:00+00:00
Insert Date Appeal to Prefecture,N40397,2004-05-30 22:00:00+00:00
Send Appeal to Prefecture,N40397,2004-05-30 22:00:00+00:00
Receive Result Appeal from Prefecture,N40397,2004-06-29 22:00:00+00:00
Notify Result Appeal to Offender,N40397,2004-07-01 22:00:00+00:00
Appeal to Judge,N40397,2004-07-26 22:00:00+00:00
Payment,N40397,2005-12-19 23:00:00+00:00
Create Fine,N40847,2002-09-29 22:00:00+00:00
Send Fine,N40847,2002-12-04 23:00:00+00:00
Insert Fine Notification,N40847,2002-12-09 23:00:00+00:00
Add penalty,N40847,2003-02-07 23:00:00+00:00
Insert Date Appeal to Prefecture,N40847,2003-03-16 23:00:00+00:00
Send Appeal to Prefecture,N40847,2003-03-25 23:00:00+00:00
Receive Result Appeal from Prefecture,N40847,2003-05-04 22:00:00+00:00
Notify Result Appeal to Offender,N40847,2003-06-22 22:00:00+00:00
Payment,N40847,2003-09-07 22:00:00+00:00
Payment,N40847,2003-10-27 23:00:00+00:00
Create Fine,N41192,2002-10-01 22:00:00+00:00
Send Fine,N41192,2003-01-14 23:00:00+00:00
Insert Date Appeal to Prefecture,N41192,2003-01-30 23:00:00+00:00
Insert Fine Notification,N41192,2003-02-02 23:00:00+00:00
Send Appeal to Prefecture,N41192,2003-02-27 23:00:00+00:00
Receive Result Appeal from Prefecture,N41192,2003-03-27 23:00:00+00:00
Add penalty,N41192,2003-04-03 22:00:00+00:00
Notify Result Appeal to Offender,N41192,2003-07-22 22:00:00+00:00
Send for Credit Collection,N41192,2004-12-24 23:00:00+00:00
Create Fine,N41256,2002-02-27 23:00:00+00:00
Send Fine,N41256,2002-04-26 22:00:00+00:00
Insert Fine Notification,N41256,2002-05-02 22:00:00+00:00
Insert Date Appeal to Prefecture,N41256,2002-06-23 22:00:00+00:00
Add penalty,N41256,2002-07-01 22:00:00+00:00
Receive Result Appeal from Prefecture,N41256,2002-07-09 22:00:00+00:00
Send Appeal to Prefecture,N41256,2002-07-09 22:00:00+00:00
Notify Result Appeal to Offender,N41256,2002-10-23 22:00:00+00:00
Send for Credit Collection,N41256,2006-02-27 23:00:00+00:00
Create Fine,N41357,2002-03-24 23:00:00+00:00
Send Fine,N41357,2002-04-26 22:00:00+00:00
Insert Fine Notification,N41357,2002-05-03 22:00:00+00:00
Appeal to Judge,N41357,2002-05-04 22:00:00+00:00
Insert Date Appeal to Prefecture,N41357,2002-05-04 22:00:00+00:00
Send Appeal to Prefecture,N41357,2002-05-05 22:00:00+00:00
Add penalty,N41357,2002-07-02 22:00:00+00:00
Payment,N41357,2003-04-02 22:00:00+00:00
Create Fine,N41527,2002-02-22 23:00:00+00:00
Send Fine,N41527,2002-04-26 22:00:00+00:00
Insert Date Appeal to Prefecture,N41527,2002-05-05 22:00:00+00:00
Insert Fine Notification,N41527,2002-05-05 22:00:00+00:00
Send Appeal to Prefecture,N41527,2002-05-22 22:00:00+00:00
Add penalty,N41527,2002-07-04 22:00:00+00:00
Receive Result Appeal from Prefecture,N41527,2002-07-09 22:00:00+00:00
Notify Result Appeal to Offender,N41527,2002-10-24 22:00:00+00:00
Send for Credit Collection,N41527,2004-12-24 23:00:00+00:00
Create Fine,N42068,2002-05-13 22:00:00+00:00
Send Fine,N42068,2002-07-28 22:00:00+00:00
Insert Fine Notification,N42068,2002-08-04 22:00:00+00:00
Insert Date Appeal to Prefecture,N42068,2002-08-05 22:00:00+00:00
Send Appeal to Prefecture,N42068,2002-08-29 22:00:00+00:00
Add penalty,N42068,2002-10-03 22:00:00+00:00
Receive Result Appeal from Prefecture,N42068,2002-10-14 22:00:00+00:00
Notify Result Appeal to Offender,N42068,2003-03-05 23:00:00+00:00
Payment,N42068,2003-04-01 22:00:00+00:00
Payment,N42068,2003-09-22 22:00:00+00:00
Create Fine,N42612,2002-06-07 22:00:00+00:00
Send Fine,N42612,2002-07-28 22:00:00+00:00
Insert Fine Notification,N42612,2002-08-18 22:00:00+00:00
Insert Date Appeal to Prefecture,N42612,2002-09-18 22:00:00+00:00
Send Appeal to Prefecture,N42612,2002-10-13 22:00:00+00:00
Add penalty,N42612,2002-10-17 22:00:00+00:00
Receive Result Appeal from Prefecture,N42612,2002-12-13 23:00:00+00:00
Payment,N42612,2003-03-28 23:00:00+00:00
Create Fine,N43645,2002-08-10 22:00:00+00:00
Send Fine,N43645,2002-09-11 22:00:00+00:00
Insert Date Appeal to Prefecture,N43645,2002-09-17 22:00:00+00:00
Insert Fine Notification,N43645,2002-09-17 22:00:00+00:00
Send Appeal to Prefecture,N43645,2002-10-13 22:00:00+00:00
Add penalty,N43645,2002-11-16 23:00:00+00:00
Receive Result Appeal from Prefecture,N43645,2002-12-13 23:00:00+00:00
Notify Result Appeal to Offender,N43645,2003-03-11 23:00:00+00:00
Payment,N43645,2003-04-25 22:00:00+00:00
Create Fine,N45281,2002-10-09 22:00:00+00:00
Insert Date Appeal to Prefecture,N45281,2002-11-01 23:00:00+00:00
Send Fine,N45281,2002-11-22 23:00:00+00:00
Insert Fine Notification,N45281,2002-11-29 23:00:00+00:00
Send Appeal to Prefecture,N45281,2002-11-29 23:00:00+00:00
Add penalty,N45281,2003-01-28 23:00:00+00:00
Receive Result Appeal from Prefecture,N45281,2003-03-09 23:00:00+00:00
Payment,N45281,2003-05-14 22:00:00+00:00
Create Fine,N46918,2003-01-09 23:00:00+00:00
Send Fine,N46918,2003-05-19 22:00:00+00:00
Insert Fine Notification,N46918,2003-05-26 22:00:00+00:00
Insert Date Appeal to Prefecture,N46918,2003-06-04 22:00:00+00:00
Send Appeal to Prefecture,N46918,2003-06-17 22:00:00+00:00
Add penalty,N46918,2003-07-25 22:00:00+00:00
Receive Result Appeal from Prefecture,N46918,2003-07-29 22:00:00+00:00
Payment,N46918,2003-09-08 22:00:00+00:00
Payment,N46918,2003-09-24 22:00:00+00:00
Create Fine,N47801,2003-03-04 23:00:00+00:00
Send Fine,N47801,2003-05-19 22:00:00+00:00
Insert Fine Notification,N47801,2003-05-25 22:00:00+00:00
Insert Date Appeal to Prefecture,N47801,2003-06-04 22:00:00+00:00
Send Appeal to Prefecture,N47801,2003-06-17 22:00:00+00:00
Add penalty,N47801,2003-07-24 22:00:00+00:00
Receive Result Appeal from Prefecture,N47801,2003-07-29 22:00:00+00:00
Notify Result Appeal to Offender,N47801,2003-10-09 22:00:00+00:00
Appeal to Judge,N47801,2003-10-27 23:00:00+00:00
Payment,N47801,2004-11-26 23:00:00+00:00
Create Fine,N52887,2004-05-17 22:00:00+00:00
Send Fine,N52887,2004-09-02 22:00:00+00:00
Insert Fine Notification,N52887,2004-09-22 22:00:00+00:00
Insert Date Appeal to Prefecture,N52887,2004-11-01 23:00:00+00:00
Add penalty,N52887,2004-11-21 23:00:00+00:00
Send Appeal to Prefecture,N52887,2004-12-21 23:00:00+00:00
Receive Result Appeal from Prefecture,N52887,2005-01-27 23:00:00+00:00
Appeal to Judge,N52887,2005-03-15 23:00:00+00:00
Notify Result Appeal to Offender,N52887,2005-03-16 23:00:00+00:00
Send for Credit Collection,N52887,2009-03-29 22:00:00+00:00
Create Fine,N53433,2004-05-22 22:00:00+00:00
Send Fine,N53433,2004-09-02 22:00:00+00:00
Insert Fine Notification,N53433,2004-09-15 22:00:00+00:00
Payment,N53433,2004-10-11 22:00:00+00:00
Payment,N53433,2004-11-04 23:00:00+00:00
Add penalty,N53433,2004-11-14 23:00:00+00:00
Payment,N53433,2004-11-25 23:00:00+00:00
Create Fine,N56505,2004-06-19 22:00:00+00:00
Send Fine,N56505,2004-11-09 23:00:00+00:00
Insert Fine Notification,N56505,2004-11-18 23:00:00+00:00
Insert Date Appeal to Prefecture,N56505,2004-12-15 23:00:00+00:00
Add penalty,N56505,2005-01-17 23:00:00+00:00
Send Appeal to Prefecture,N56505,2005-01-24 23:00:00+00:00
Receive Result Appeal from Prefecture,N56505,2005-03-14 23:00:00+00:00
Payment,N56505,2005-05-16 22:00:00+00:00
Create Fine,N56882,2004-06-26 22:00:00+00:00
Send Fine,N56882,2004-11-21 23:00:00+00:00
Insert Fine Notification,N56882,2004-12-01 23:00:00+00:00
Add penalty,N56882,2005-01-30 23:00:00+00:00
Insert Date Appeal to Prefecture,N56882,2005-01-31 23:00:00+00:00
Send Appeal to Prefecture,N56882,2005-03-09 23:00:00+00:00
Receive Result Appeal from Prefecture,N56882,2005-07-28 22:00:00+00:00
Notify Result Appeal to Offender,N56882,2005-09-09 22:00:00+00:00
Appeal to Judge,N56882,2005-10-24 22:00:00+00:00
Payment,N56882,2006-12-04 23:00:00+00:00
Payment,N56882,2006-12-04 23:00:00+00:00
Create Fine,N58131,2004-07-11 22:00:00+00:00
Send Fine,N58131,2004-11-09 23:00:00+00:00
Insert Fine Notification,N58131,2004-11-16 23:00:00+00:00
Insert Date Appeal to Prefecture,N58131,2004-11-18 23:00:00+00:00
Send Appeal to Prefecture,N58131,2004-12-16 23:00:00+00:00
Add penalty,N58131,2005-01-15 23:00:00+00:00
Receive Result Appeal from Prefecture,N58131,2005-01-17 23:00:00+00:00
Appeal to Judge,N58131,2005-03-03 23:00:00+00:00
Notify Result Appeal to Offender,N58131,2005-03-23 23:00:00+00:00
Create Fine,N62649,2004-08-21 22:00:00+00:00
Payment,N62649,2004-08-25 22:00:00+00:00
Send Fine,N62649,2004-12-23 23:00:00+00:00
Insert Fine Notification,N62649,2005-01-07 23:00:00+00:00
Insert Date Appeal to Prefecture,N62649,2005-01-15 23:00:00+00:00
Add penalty,N62649,2005-03-08 23:00:00+00:00
Send Appeal to Prefecture,N62649,2005-03-08 23:00:00+00:00
Create Fine,N63373,2004-08-19 22:00:00+00:00
Send Fine,N63373,2004-12-22 23:00:00+00:00
Insert Fine Notification,N63373,2005-01-03 23:00:00+00:00
Appeal to Judge,N63373,2005-02-01 23:00:00+00:00
Add penalty,N63373,2005-03-04 23:00:00+00:00
Payment,N63373,2006-12-14 23:00:00+00:00
Send for Credit Collection,N63373,2007-02-27 23:00:00+00:00
Create Fine,N67142,2004-11-04 23:00:00+00:00
Send Fine,N67142,2005-03-21 23:00:00+00:00
Insert Fine Notification,N67142,2005-03-30 22:00:00+00:00
Add penalty,N67142,2005-05-29 22:00:00+00:00
Payment,N67142,2005-12-19 23:00:00+00:00
Payment,N67142,2006-02-01 23:00:00+00:00
Payment,N67142,2006-03-08 23:00:00+00:00
Payment,N67142,2006-04-11 22:00:00+00:00
Send for Credit Collection,N67142,2007-02-27 23:00:00+00:00
Create Fine,N68210,2004-12-13 23:00:00+00:00
Appeal to Judge,N68210,2005-01-23 23:00:00+00:00
Send Fine,N68210,2005-04-27 22:00:00+00:00
Create Fine,N72044,2005-03-21 23:00:00+00:00
Send Fine,N72044,2005-07-21 22:00:00+00:00
Insert Fine Notification,N72044,2005-08-04 22:00:00+00:00
Payment,N72044,2005-08-15 22:00:00+00:00
Payment,N72044,2005-09-12 22:00:00+00:00
Add penalty,N72044,2005-10-03 22:00:00+00:00
Send for Credit Collection,N72044,2007-02-27 23:00:00+00:00
Create Fine,N78749,2005-04-24 22:00:00+00:00
Send Fine,N78749,2005-09-16 22:00:00+00:00
Insert Fine Notification,N78749,2005-09-26 22:00:00+00:00
Insert Date Appeal to Prefecture,N78749,2005-11-08 23:00:00+00:00
Add penalty,N78749,2005-11-25 23:00:00+00:00
Send Appeal to Prefecture,N78749,2005-12-28 23:00:00+00:00
Receive Result Appeal from Prefecture,N78749,2006-02-16 23:00:00+00:00
Notify Result Appeal to Offender,N78749,2006-03-28 22:00:00+00:00
Appeal to Judge,N78749,2006-04-28 22:00:00+00:00
Send for Credit Collection,N78749,2009-03-29 22:00:00+00:00
Create Fine,N80664,2005-07-23 22:00:00+00:00
Send Fine,N80664,2005-12-02 23:00:00+00:00
Insert Fine Notification,N80664,2005-12-26 23:00:00+00:00
Appeal to Judge,N80664,2006-01-12 23:00:00+00:00
Add penalty,N80664,2006-02-24 23:00:00+00:00
Payment,N80664,2006-06-13 22:00:00+00:00
Payment,N80664,2007-10-23 22:00:00+00:00
Send for Credit Collection,N80664,2009-03-29 22:00:00+00:00
Create Fine,N81214,2005-07-23 22:00:00+00:00
Send Fine,N81214,2005-12-02 23:00:00+00:00
Insert Fine Notification,N81214,2005-12-19 23:00:00+00:00
Insert Date Appeal to Prefecture,N81214,2005-12-28 23:00:00+00:00
Add penalty,N81214,2006-02-17 23:00:00+00:00
Send Appeal to Prefecture,N81214,2006-02-22 23:00:00+00:00
Receive Result Appeal from Prefecture,N81214,2006-05-27 22:00:00+00:00
Payment,N81214,2006-07-02 22:00:00+00:00
Notify Result Appeal to Offender,N81214,2006-07-27 22:00:00+00:00
Payment,N81214,2006-09-10 22:00:00+00:00
Create Fine,N81810,2005-07-12 22:00:00+00:00
Send Fine,N81810,2005-12-01 23:00:00+00:00
Insert Fine Notification,N81810,2005-12-16 23:00:00+00:00
Insert Date Appeal to Prefecture,N81810,2006-01-11 23:00:00+00:00
Add penalty,N81810,2006-02-14 23:00:00+00:00
Send Appeal to Prefecture,N81810,2006-03-09 23:00:00+00:00
Receive Result Appeal from Prefecture,N81810,2006-06-06 22:00:00+00:00
Appeal to Judge,N81810,2006-08-17 22:00:00+00:00
Payment,N81810,2007-02-06 23:00:00+00:00
Create Fine,N83048,2005-08-13 22:00:00+00:00
Send Fine,N83048,2005-12-09 23:00:00+00:00
Insert Fine Notification,N83048,2005-12-27 23:00:00+00:00
Insert Date Appeal to Prefecture,N83048,2006-01-10 23:00:00+00:00
Send Appeal to Prefecture,N83048,2006-02-22 23:00:00+00:00
Add penalty,N83048,2006-02-25 23:00:00+00:00
Receive Result Appeal from Prefecture,N83048,2006-05-18 22:00:00+00:00
Notify Result Appeal to Offender,N83048,2006-06-30 22:00:00+00:00
Appeal to Judge,N83048,2006-07-31 22:00:00+00:00
Send for Credit Collection,N83048,2009-03-29 22:00:00+00:00
Create Fine,N87170,2005-12-05 23:00:00+00:00
Send Fine,N87170,2006-03-27 22:00:00+00:00
Insert Fine Notification,N87170,2006-04-03 22:00:00+00:00
Insert Date Appeal to Prefecture,N87170,2006-05-04 22:00:00+00:00
Add penalty,N87170,2006-06-02 22:00:00+00:00
Send Appeal to Prefecture,N87170,2006-06-27 22:00:00+00:00
Payment,N87170,2006-08-22 22:00:00+00:00
Create Fine,N93295,2006-04-08 22:00:00+00:00
Payment,N93295,2006-04-20 22:00:00+00:00
Send Fine,N93295,2006-08-16 22:00:00+00:00
Insert Fine Notification,N93295,2006-08-29 22:00:00+00:00
Payment,N93295,2006-08-30 22:00:00+00:00
Add penalty,N93295,2006-10-28 22:00:00+00:00
Send for Credit Collection,N93295,2009-03-29 22:00:00+00:00
Create Fine,N93643,2006-03-28 22:00:00+00:00
Send Fine,N93643,2006-08-16 22:00:00+00:00
Insert Fine Notification,N93643,2006-08-27 22:00:00+00:00
Insert Date Appeal to Prefecture,N93643,2006-09-10 22:00:00+00:00
Send Appeal to Prefecture,N93643,2006-10-15 22:00:00+00:00
Receive Result Appeal from Prefecture,N93643,2006-10-23 22:00:00+00:00
Add penalty,N93643,2006-10-26 22:00:00+00:00
Notify Result Appeal to Offender,N93643,2006-11-01 23:00:00+00:00
Appeal to Judge,N93643,2006-11-09 23:00:00+00:00
Create Fine,N95495,2006-04-27 22:00:00+00:00
Payment,N95495,2006-05-03 22:00:00+00:00
Payment,N95495,2006-05-03 22:00:00+00:00
Send Fine,N95495,2006-08-17 22:00:00+00:00
Insert Fine Notification,N95495,2006-08-25 22:00:00+00:00
Add penalty,N95495,2006-10-24 22:00:00+00:00
Payment,N95495,2007-10-25 22:00:00+00:00
Create Fine,N96265,2006-05-24 22:00:00+00:00
Send Fine,N96265,2006-09-08 22:00:00+00:00
Insert Fine Notification,N96265,2006-09-17 22:00:00+00:00
Insert Date Appeal to Prefecture,N96265,2006-10-12 22:00:00+00:00
Appeal to Judge,N96265,2006-10-27 22:00:00+00:00
Add penalty,N96265,2006-11-16 23:00:00+00:00
Send Appeal to Prefecture,N96265,2006-11-26 23:00:00+00:00
Receive Result Appeal from Prefecture,N96265,2007-02-08 23:00:00+00:00
Notify Result Appeal to Offender,N96265,2007-02-13 23:00:00+00:00
Create Fine,N98923,2006-06-27 22:00:00+00:00
Send Fine,N98923,2006-11-15 23:00:00+00:00
Insert Fine Notification,N98923,2006-11-27 23:00:00+00:00
Insert Date Appeal to Prefecture,N98923,2007-01-17 23:00:00+00:00
Add penalty,N98923,2007-01-26 23:00:00+00:00
Receive Result Appeal from Prefecture,N98923,2007-06-21 22:00:00+00:00
Notify Result Appeal to Offender,N98923,2007-06-27 22:00:00+00:00
Payment,N98923,2007-07-15 22:00:00+00:00
Create Fine,N98929,2006-06-27 22:00:00+00:00
Send Fine,N98929,2006-11-15 23:00:00+00:00
Insert Fine Notification,N98929,2006-11-27 23:00:00+00:00
Add penalty,N98929,2007-01-26 23:00:00+00:00
Insert Date Appeal to Prefecture,N98929,2007-03-05 23:00:00+00:00
Appeal to Judge,N98929,2007-10-07 22:00:00+00:00
Send Appeal to Prefecture,N98929,2011-12-24 23:00:00+00:00
Create Fine,N99647,2006-06-30 22:00:00+00:00
Send Fine,N99647,2006-11-15 23:00:00+00:00
Insert Fine Notification,N99647,2006-11-27 23:00:00+00:00
Add penalty,N99647,2007-01-26 23:00:00+00:00
Insert Date Appeal to Prefecture,N99647,2007-03-05 23:00:00+00:00
Receive Result Appeal from Prefecture,N99647,2007-09-30 22:00:00+00:00
Notify Result Appeal to Offender,N99647,2007-10-08 22:00:00+00:00
Appeal to Judge,N99647,2007-10-17 22:00:00+00:00
Send for Credit Collection,N99647,2010-10-14 22:00:00+00:00
Send Appeal to Prefecture,N99647,2011-12-24 23:00:00+00:00
Create Fine,P1505,2011-07-29 22:00:00+00:00
Send Fine,P1505,2011-09-20 22:00:00+00:00
Insert Fine Notification,P1505,2011-11-15 23:00:00+00:00
Send Appeal to Prefecture,P1505,2011-12-24 23:00:00+00:00
Insert Date Appeal to Prefecture,P1505,2012-01-11 23:00:00+00:00
Add penalty,P1505,2012-01-14 23:00:00+00:00
Receive Result Appeal from Prefecture,P1505,2012-04-10 22:00:00+00:00
Notify Result Appeal to Offender,P1505,2012-04-15 22:00:00+00:00
Create Fine,P20,2011-06-10 22:00:00+00:00
Send Fine,P20,2011-07-25 22:00:00+00:00
Insert Fine Notification,P20,2011-08-19 22:00:00+00:00
Add penalty,P20,2011-10-18 22:00:00+00:00
Insert Date Appeal to Prefecture,P20,2011-11-06 23:00:00+00:00
Send Appeal to Prefecture,P20,2011-12-19 23:00:00+00:00
Receive Result Appeal from Prefecture,P20,2012-02-14 23:00:00+00:00
Payment,P20,2012-04-26 22:00:00+00:00
Create Fine,P2779,2011-09-05 22:00:00+00:00
Send Fine,P2779,2011-10-23 22:00:00+00:00
Send Appeal to Prefecture,P2779,2011-12-24 23:00:00+00:00
Insert Fine Notification,P2779,2012-01-25 23:00:00+00:00
Insert Date Appeal to Prefecture,P2779,2012-02-10 23:00:00+00:00
Add penalty,P2779,2012-03-25 22:00:00+00:00
Receive Result Appeal from Prefecture,P2779,2012-05-10 22:00:00+00:00
Notify Result Appeal to Offender,P2779,2012-05-20 22:00:00+00:00
Create Fine,P3316,2012-10-02 22:00:00+00:00
Send Fine,P3316,2013-03-05 23:00:00+00:00
Insert Fine Notification,P3316,2013-03-12 23:00:00+00:00
Insert Date Appeal to Prefecture,P3316,2013-03-20 23:00:00+00:00
Send Appeal to Prefecture,P3316,2013-04-21 22:00:00+00:00
Receive Result Appeal from Prefecture,P3316,2013-05-09 22:00:00+00:00
Add penalty,P3316,2013-05-11 22:00:00+00:00
Notify Result Appeal to Offender,P3316,2013-05-14 22:00:00+00:00
Create Fine,P3840,2012-01-31 23:00:00+00:00
Send Fine,P3840,2012-03-13 23:00:00+00:00
Insert Fine Notification,P3840,2012-03-22 23:00:00+00:00
Insert Date Appeal to Prefecture,P3840,2012-04-02 22:00:00+00:00
Send Appeal to Prefecture,P3840,2012-04-26 22:00:00+00:00
Add penalty,P3840,2012-05-21 22:00:00+00:00
Payment,P3840,2012-09-20 22:00:00+00:00
Create Fine,S105079,2005-07-21 22:00:00+00:00
Send Fine,S105079,2005-12-02 23:00:00+00:00
Insert Fine Notification,S105079,2005-12-19 23:00:00+00:00
Add penalty,S105079,2006-02-17 23:00:00+00:00
Insert Date Appeal to Prefecture,S105079,2006-05-30 22:00:00+00:00
Payment,S105079,2007-01-08 23:00:00+00:00
Create Fine,S108264,2005-11-08 23:00:00+00:00
Send Fine,S108264,2006-02-14 23:00:00+00:00
Insert Fine Notification,S108264,2006-02-21 23:00:00+00:00
Insert Date Appeal to Prefecture,S108264,2006-03-05 23:00:00+00:00
Add penalty,S108264,2006-04-22 22:00:00+00:00
Send Appeal to Prefecture,S108264,2006-05-01 22:00:00+00:00
Receive Result Appeal from Prefecture,S108264,2006-06-28 22:00:00+00:00
Notify Result Appeal to Offender,S108264,2006-07-09 22:00:00+00:00
Appeal to Judge,S108264,2006-07-12 22:00:00+00:00
Payment,S108264,2007-08-03 22:00:00+00:00
Payment,S108264,2007-09-13 22:00:00+00:00
Create Fine,S112135,2006-06-26 22:00:00+00:00
Send Fine,S112135,2006-11-15 23:00:00+00:00
Insert Fine Notification,S112135,2006-11-29 23:00:00+00:00
Add penalty,S112135,2007-01-28 23:00:00+00:00
Insert Date Appeal to Prefecture,S112135,2007-01-29 23:00:00+00:00
Receive Result Appeal from Prefecture,S112135,2007-05-21 22:00:00+00:00
Notify Result Appeal to Offender,S112135,2007-06-17 22:00:00+00:00
Create Fine,S112486,2006-12-19 23:00:00+00:00
Send Fine,S112486,2007-04-04 22:00:00+00:00
Insert Date Appeal to Prefecture,S112486,2007-05-15 22:00:00+00:00
Insert Fine Notification,S112486,2007-06-26 22:00:00+00:00
Send Appeal to Prefecture,S112486,2007-07-05 22:00:00+00:00
Add penalty,S112486,2007-08-25 22:00:00+00:00
Receive Result Appeal from Prefecture,S112486,2007-11-20 23:00:00+00:00
Notify Result Appeal to Offender,S112486,2007-11-26 23:00:00+00:00
Payment,S112486,2008-01-22 23:00:00+00:00
Payment,S112486,2008-02-21 23:00:00+00:00
Create Fine,S113200,2006-07-27 22:00:00+00:00
Send Fine,S113200,2006-12-11 23:00:00+00:00
Insert Fine Notification,S113200,2006-12-28 23:00:00+00:00
Insert Date Appeal to Prefecture,S113200,2007-01-10 23:00:00+00:00
Add penalty,S113200,2007-02-26 23:00:00+00:00
Send Appeal to Prefecture,S113200,2007-02-27 23:00:00+00:00
Payment,S113200,2007-03-04 23:00:00+00:00
Payment,S113200,2007-07-30 22:00:00+00:00
Create Fine,S114328,2006-08-09 22:00:00+00:00
Send Fine,S114328,2006-12-12 23:00:00+00:00
Appeal to Judge,S114328,2007-02-06 23:00:00+00:00
Create Fine,S126847,2008-08-04 22:00:00+00:00
Insert Date Appeal to Prefecture,S126847,2008-10-09 22:00:00+00:00
Send Fine,S126847,2008-10-20 22:00:00+00:00
Insert Fine Notification,S126847,2008-11-02 23:00:00+00:00
Send Appeal to Prefecture,S126847,2008-12-14 23:00:00+00:00
Add penalty,S126847,2009-01-01 23:00:00+00:00
Receive Result Appeal from Prefecture,S126847,2009-02-05 23:00:00+00:00
Notify Result Appeal to Offender,S126847,2009-03-29 22:00:00+00:00
Send for Credit Collection,S126847,2010-10-14 22:00:00+00:00
Create Fine,S134268,2009-02-21 23:00:00+00:00
Send Fine,S134268,2009-05-31 22:00:00+00:00
Insert Fine Notification,S134268,2009-06-04 22:00:00+00:00
Insert Date Appeal to Prefecture,S134268,2009-07-01 22:00:00+00:00
Appeal to Judge,S134268,2009-07-02 22:00:00+00:00
Add penalty,S134268,2009-08-03 22:00:00+00:00
Send Appeal to Prefecture,S134268,2009-08-27 22:00:00+00:00
Create Fine,S136743,2009-05-22 22:00:00+00:00
Send Fine,S136743,2009-07-28 22:00:00+00:00
Insert Fine Notification,S136743,2009-08-02 22:00:00+00:00
Add penalty,S136743,2009-10-01 22:00:00+00:00
Appeal to Judge,S136743,2009-10-01 22:00:00+00:00
Payment,S136743,2011-09-15 22:00:00+00:00
Payment,S136743,2011-11-06 23:00:00+00:00
Payment,S136743,2011-12-04 23:00:00+00:00
Payment,S136743,2012-01-08 23:00:00+00:00
Create Fine,S136885,2009-05-10 22:00:00+00:00
Send Fine,S136885,2009-07-27 22:00:00+00:00
Insert Fine Notification,S136885,2009-08-04 22:00:00+00:00
Insert Date Appeal to Prefecture,S136885,2009-09-01 22:00:00+00:00
Add penalty,S136885,2009-10-03 22:00:00+00:00
Receive Result Appeal from Prefecture,S136885,2010-03-07 23:00:00+00:00
Notify Result Appeal to Offender,S136885,2010-03-19 23:00:00+00:00
Appeal to Judge,S136885,2010-04-21 22:00:00+00:00
Send Appeal to Prefecture,S136885,2011-12-24 23:00:00+00:00
Create Fine,S137319,2009-05-27 22:00:00+00:00
Send Fine,S137319,2009-07-28 22:00:00+00:00
Insert Fine Notification,S137319,2009-08-02 22:00:00+00:00
Add penalty,S137319,2009-10-01 22:00:00+00:00
Appeal to Judge,S137319,2009-10-01 22:00:00+00:00
Payment,S137319,2011-09-01 22:00:00+00:00
Payment,S137319,2011-09-15 22:00:00+00:00
Create Fine,S138146,2009-07-04 22:00:00+00:00
Send Fine,S138146,2009-11-10 23:00:00+00:00
Insert Fine Notification,S138146,2009-11-15 23:00:00+00:00
Insert Date Appeal to Prefecture,S138146,2009-11-22 23:00:00+00:00
Send Appeal to Prefecture,S138146,2009-12-16 23:00:00+00:00
Receive Result Appeal from Prefecture,S138146,2009-12-30 23:00:00+00:00
Notify Result Appeal to Offender,S138146,2010-01-07 23:00:00+00:00
Add penalty,S138146,2010-01-14 23:00:00+00:00
Appeal to Judge,S138146,2010-02-03 23:00:00+00:00
Create Fine,S140449,2009-11-15 23:00:00+00:00
Send Fine,S140449,2010-03-03 23:00:00+00:00
Insert Fine Notification,S140449,2010-03-09 23:00:00+00:00
Insert Date Appeal to Prefecture,S140449,2010-03-15 23:00:00+00:00
Send Appeal to Prefecture,S140449,2010-05-03 22:00:00+00:00
Add penalty,S140449,2010-05-08 22:00:00+00:00
Receive Result Appeal from Prefecture,S140449,2010-06-20 22:00:00+00:00
Notify Result Appeal to Offender,S140449,2010-06-22 22:00:00+00:00
Payment,S140449,2010-07-20 22:00:00+00:00
Appeal to Judge,S140449,2010-10-11 22:00:00+00:00
Create Fine,S141999,2009-08-17 22:00:00+00:00
Send Fine,S141999,2009-11-10 23:00:00+00:00
Insert Fine Notification,S141999,2009-11-16 23:00:00+00:00
Appeal to Judge,S141999,2009-12-03 23:00:00+00:00
Insert Date Appeal to Prefecture,S141999,2009-12-06 23:00:00+00:00
Send Appeal to Prefecture,S141999,2010-01-11 23:00:00+00:00
Add penalty,S141999,2010-01-15 23:00:00+00:00
Receive Result Appeal from Prefecture,S141999,2010-01-28 23:00:00+00:00
Notify Result Appeal to Offender,S141999,2010-03-01 23:00:00+00:00
Payment,S141999,2011-05-04 22:00:00+00:00
Create Fine,S142148,2009-08-05 22:00:00+00:00
Send Fine,S142148,2009-12-08 23:00:00+00:00
Insert Fine Notification,S142148,2009-12-13 23:00:00+00:00
Add penalty,S142148,2010-02-11 23:00:00+00:00
Appeal to Judge,S142148,2010-02-12 23:00:00+00:00
Payment,S142148,2011-11-06 23:00:00+00:00
Payment,S142148,2011-12-04 23:00:00+00:00
Payment,S142148,2012-01-08 23:00:00+00:00
Create Fine,S144360,2009-10-21 22:00:00+00:00
Send Fine,S144360,2010-01-18 23:00:00+00:00
Insert Fine Notification,S144360,2010-02-03 23:00:00+00:00
Add penalty,S144360,2010-04-04 22:00:00+00:00
Payment,S144360,2011-10-13 22:00:00+00:00
Payment,S144360,2012-01-02 23:00:00+00:00
Payment,S144360,2012-01-02 23:00:00+00:00
Send for Credit Collection,S144360,2012-03-25 22:00:00+00:00
Create Fine,S149373,2010-03-24 23:00:00+00:00
Payment,S149373,2010-03-31 22:00:00+00:00
Send Fine,S149373,2010-06-29 22:00:00+00:00
Insert Fine Notification,S149373,2010-07-11 22:00:00+00:00
Add penalty,S149373,2010-09-09 22:00:00+00:00
Insert Date Appeal to Prefecture,S149373,2010-10-26 22:00:00+00:00
Send Appeal to Prefecture,S149373,2010-10-30 22:00:00+00:00
Create Fine,S150345,2010-05-01 22:00:00+00:00
Send Fine,S150345,2010-08-19 22:00:00+00:00
Insert Fine Notification,S150345,2010-09-01 22:00:00+00:00
Insert Date Appeal to Prefecture,S150345,2010-09-29 22:00:00+00:00
Add penalty,S150345,2010-10-31 23:00:00+00:00
Send Appeal to Prefecture,S150345,2010-11-02 23:00:00+00:00
Payment,S150345,2011-11-06 23:00:00+00:00
Payment,S150345,2011-11-07 23:00:00+00:00
Payment,S150345,2011-12-04 23:00:00+00:00
Create Fine,S154142,2010-07-17 22:00:00+00:00
Send Fine,S154142,2010-09-10 22:00:00+00:00
Insert Fine Notification,S154142,2010-09-20 22:00:00+00:00
Add penalty,S154142,2010-11-19 23:00:00+00:00
Appeal to Judge,S154142,2010-12-13 23:00:00+00:00
Payment,S154142,2011-03-10 23:00:00+00:00
Payment,S154142,2011-04-04 22:00:00+00:00
Payment,S154142,2011-05-02 22:00:00+00:00
Payment,S154142,2011-06-05 22:00:00+00:00
Payment,S154142,2011-07-03 22:00:00+00:00
Create Fine,S157542,2011-08-05 22:00:00+00:00
Send Fine,S157542,2011-09-20 22:00:00+00:00
Insert Fine Notification,S157542,2011-11-16 23:00:00+00:00
Payment,S157542,2011-12-11 23:00:00+00:00
Add penalty,S157542,2012-01-15 23:00:00+00:00
Insert Date Appeal to Prefecture,S157542,2012-10-17 22:00:00+00:00
Send Appeal to Prefecture,S157542,2013-03-07 23:00:00+00:00
Create Fine,S161018,2011-07-10 22:00:00+00:00
Send Fine,S161018,2011-08-26 22:00:00+00:00
Insert Fine Notification,S161018,2011-09-04 22:00:00+00:00
Payment,S161018,2011-10-26 22:00:00+00:00
Add penalty,S161018,2011-11-03 23:00:00+00:00
Payment,S161018,2011-11-27 23:00:00+00:00
Payment,S161018,2011-12-26 23:00:00+00:00
Payment,S161018,2012-01-29 23:00:00+00:00
Payment,S161018,2012-02-27 23:00:00+00:00
Payment,S161018,2012-03-26 22:00:00+00:00
Payment,S161018,2012-04-25 22:00:00+00:00
Payment,S161018,2012-05-27 22:00:00+00:00
Create Fine,S161627,2011-02-03 23:00:00+00:00
Insert Date Appeal to Prefecture,S161627,2011-02-27 23:00:00+00:00
Send Fine,S161627,2011-02-28 23:00:00+00:00
Insert Fine Notification,S161627,2011-03-17 23:00:00+00:00
Send Appeal to Prefecture,S161627,2011-04-19 22:00:00+00:00
Add penalty,S161627,2011-05-16 22:00:00+00:00
Payment,S161627,2011-06-22 22:00:00+00:00
Create Fine,S161720,2011-01-29 23:00:00+00:00
Insert Date Appeal to Prefecture,S161720,2011-02-27 23:00:00+00:00
Send Fine,S161720,2011-02-28 23:00:00+00:00
Insert Fine Notification,S161720,2011-03-17 23:00:00+00:00
Send Appeal to Prefecture,S161720,2011-04-26 22:00:00+00:00
Add penalty,S161720,2011-05-16 22:00:00+00:00
Payment,S161720,2011-07-19 22:00:00+00:00
Payment,S161720,2011-09-26 22:00:00+00:00
Create Fine,S163356,2011-03-11 23:00:00+00:00
Insert Date Appeal to Prefecture,S163356,2011-04-19 22:00:00+00:00
Send Fine,S163356,2011-07-08 22:00:00+00:00
Send Appeal to Prefecture,S163356,2011-07-10 22:00:00+00:00
Create Fine,S184035,2012-07-03 22:00:00+00:00
Send Fine,S184035,2012-09-06 22:00:00+00:00
Insert Fine Notification,S184035,2012-09-16 22:00:00+00:00
Insert Date Appeal to Prefecture,S184035,2012-11-08 23:00:00+00:00
Add penalty,S184035,2012-11-15 23:00:00+00:00
Send Appeal to Prefecture,S184035,2013-01-02 23:00:00+00:00
Notify Result Appeal to Offender,S184035,2013-02-18 23:00:00+00:00
Receive Result Appeal from Prefecture,S184035,2013-02-27 23:00:00+00:00
Create Fine,S185824,2012-08-22 22:00:00+00:00
Send Fine,S185824,2012-11-04 23:00:00+00:00
Insert Date Appeal to Prefecture,S185824,2013-04-07 22:00:00+00:00
Send Appeal to Prefecture,S185824,2013-05-30 22:00:00+00:00
Receive Result Appeal from Prefecture,S185824,2013-06-13 22:00:00+00:00
Create Fine,S188608,2012-09-13 22:00:00+00:00
Send Fine,S188608,2012-11-16 23:00:00+00:00
Insert Fine Notification,S188608,2012-12-09 23:00:00+00:00
Insert Date Appeal to Prefecture,S188608,2013-01-13 23:00:00+00:00
Add penalty,S188608,2013-02-07 23:00:00+00:00
Send Appeal to Prefecture,S188608,2013-02-14 23:00:00+00:00
Receive Result Appeal from Prefecture,S188608,2013-03-24 23:00:00+00:00
Notify Result Appeal to Offender,S188608,2013-04-02 22:00:00+00:00
Payment,S188608,2013-05-03 22:00:00+00:00
Payment,S188608,2013-06-03 22:00:00+00:00
Create Fine,S37939,2000-06-19 22:00:00+00:00
Send Fine,S37939,2000-08-23 22:00:00+00:00
Insert Fine Notification,S37939,2000-09-07 22:00:00+00:00
Insert Date Appeal to Prefecture,S37939,2000-09-18 22:00:00+00:00
Send Appeal to Prefecture,S37939,2000-09-22 22:00:00+00:00
Payment,S37939,2000-10-19 22:00:00+00:00
Add penalty,S37939,2000-11-06 23:00:00+00:00
Payment,S37939,2001-01-24 23:00:00+00:00
Create Fine,S48325,2000-03-19 23:00:00+00:00
Payment,S48325,2000-03-19 23:00:00+00:00
Payment,S48325,2000-05-15 22:00:00+00:00
Send Fine,S48325,2000-05-16 22:00:00+00:00
Create Fine,S57438,2001-07-03 22:00:00+00:00
Send Fine,S57438,2001-08-26 22:00:00+00:00
Payment,S57438,2001-10-19 22:00:00+00:00
Insert Date Appeal to Prefecture,S57438,2001-10-23 22:00:00+00:00
Send Appeal to Prefecture,S57438,2001-11-19 23:00:00+00:00
Create Fine,S60542,2001-07-13 22:00:00+00:00
Send Fine,S60542,2001-10-17 22:00:00+00:00
Insert Fine Notification,S60542,2001-11-06 23:00:00+00:00
Insert Date Appeal to Prefecture,S60542,2001-11-07 23:00:00+00:00
Send Appeal to Prefecture,S60542,2001-11-08 23:00:00+00:00
Receive Result Appeal from Prefecture,S60542,2001-12-12 23:00:00+00:00
Add penalty,S60542,2002-01-05 23:00:00+00:00
Payment,S60542,2002-11-18 23:00:00+00:00
Payment,S60542,2002-12-17 23:00:00+00:00
Create Fine,S62223,2001-05-09 22:00:00+00:00
Insert Date Appeal to Prefecture,S62223,2001-05-14 22:00:00+00:00
Send Appeal to Prefecture,S62223,2001-06-13 22:00:00+00:00
Send Fine,S62223,2001-07-03 22:00:00+00:00
Payment,S62223,2001-08-09 22:00:00+00:00
Create Fine,S66322,2001-07-22 22:00:00+00:00
Send Fine,S66322,2001-10-17 22:00:00+00:00
Insert Fine Notification,S66322,2001-12-05 23:00:00+00:00
Insert Date Appeal to Prefecture,S66322,2001-12-10 23:00:00+00:00
Send Appeal to Prefecture,S66322,2002-01-02 23:00:00+00:00
Receive Result Appeal from Prefecture,S66322,2002-01-07 23:00:00+00:00
Add penalty,S66322,2002-02-03 23:00:00+00:00
Notify Result Appeal to Offender,S66322,2002-02-27 23:00:00+00:00
Payment,S66322,2002-03-12 23:00:00+00:00
Payment,S66322,2002-05-01 22:00:00+00:00
Create Fine,S68811,2001-08-15 22:00:00+00:00
Send Fine,S68811,2001-11-08 23:00:00+00:00
Insert Fine Notification,S68811,2001-11-30 23:00:00+00:00
Insert Date Appeal to Prefecture,S68811,2001-12-03 23:00:00+00:00
Send Appeal to Prefecture,S68811,2001-12-10 23:00:00+00:00
Receive Result Appeal from Prefecture,S68811,2001-12-27 23:00:00+00:00
Add penalty,S68811,2002-01-29 23:00:00+00:00
Payment,S68811,2002-06-02 22:00:00+00:00
Create Fine,S68987,2001-08-24 22:00:00+00:00
Send Fine,S68987,2001-11-08 23:00:00+00:00
Insert Fine Notification,S68987,2001-12-02 23:00:00+00:00
Insert Date Appeal to Prefecture,S68987,2001-12-05 23:00:00+00:00
Receive Result Appeal from Prefecture,S68987,2001-12-27 23:00:00+00:00
Send Appeal to Prefecture,S68987,2002-01-02 23:00:00+00:00
Add penalty,S68987,2002-01-31 23:00:00+00:00
Payment,S68987,2002-04-25 22:00:00+00:00
Create Fine,S69696,2001-09-19 22:00:00+00:00
Send Fine,S69696,2001-10-17 22:00:00+00:00
Insert Fine Notification,S69696,2001-12-02 23:00:00+00:00
Insert Date Appeal to Prefecture,S69696,2001-12-03 23:00:00+00:00
Send Appeal to Prefecture,S69696,2001-12-04 23:00:00+00:00
Receive Result Appeal from Prefecture,S69696,2002-01-02 23:00:00+00:00
Add penalty,S69696,2002-01-31 23:00:00+00:00
Notify Result Appeal to Offender,S69696,2002-04-23 22:00:00+00:00
Appeal to Judge,S69696,2002-04-24 22:00:00+00:00
Payment,S69696,2003-04-06 22:00:00+00:00
Payment,S69696,2003-07-22 22:00:00+00:00
Create Fine,S71777,2002-05-16 22:00:00+00:00
Send Fine,S71777,2002-07-28 22:00:00+00:00
Insert Date Appeal to Prefecture,S71777,2002-08-05 22:00:00+00:00
Send Appeal to Prefecture,S71777,2002-08-06 22:00:00+00:00
Appeal to Judge,S71777,2002-09-02 22:00:00+00:00
Create Fine,S73249,2002-07-05 22:00:00+00:00
Send Fine,S73249,2002-09-04 22:00:00+00:00
Insert Date Appeal to Prefecture,S73249,2002-09-11 22:00:00+00:00
Insert Fine Notification,S73249,2002-09-11 22:00:00+00:00
Appeal to Judge,S73249,2002-09-12 22:00:00+00:00
Send Appeal to Prefecture,S73249,2002-09-12 22:00:00+00:00
Add penalty,S73249,2002-11-10 23:00:00+00:00
Payment,S73249,2003-11-28 23:00:00+00:00
Create Fine,S73463,2002-06-22 22:00:00+00:00
Send Fine,S73463,2002-07-28 22:00:00+00:00
Appeal to Judge,S73463,2002-08-08 22:00:00+00:00
Insert Date Appeal to Prefecture,S73463,2002-09-11 22:00:00+00:00
Send Appeal to Prefecture,S73463,2002-10-09 22:00:00+00:00
Create Fine,S75970,2002-07-27 22:00:00+00:00
Send Fine,S75970,2002-09-11 22:00:00+00:00
Insert Fine Notification,S75970,2002-09-18 22:00:00+00:00
Insert Date Appeal to Prefecture,S75970,2002-10-07 22:00:00+00:00
Add penalty,S75970,2002-11-17 23:00:00+00:00
Send Appeal to Prefecture,S75970,2002-11-29 23:00:00+00:00
Receive Result Appeal from Prefecture,S75970,2003-02-20 23:00:00+00:00
Appeal to Judge,S75970,2003-05-01 22:00:00+00:00
Create Fine,S82666,2003-08-10 22:00:00+00:00
Send Fine,S82666,2003-11-09 23:00:00+00:00
Insert Fine Notification,S82666,2003-11-17 23:00:00+00:00
Insert Date Appeal to Prefecture,S82666,2003-11-26 23:00:00+00:00
Send Appeal to Prefecture,S82666,2003-12-21 23:00:00+00:00
Add penalty,S82666,2004-01-16 23:00:00+00:00
Receive Result Appeal from Prefecture,S82666,2004-04-01 22:00:00+00:00
Appeal to Judge,S82666,2004-04-02 22:00:00+00:00
Notify Result Appeal to Offender,S82666,2004-06-23 22:00:00+00:00
Payment,S82666,2005-09-21 22:00:00+00:00
Create Fine,S84347,2003-08-16 22:00:00+00:00
Send Fine,S84347,2003-11-09 23:00:00+00:00
Insert Fine Notification,S84347,2003-12-09 23:00:00+00:00
Insert Date Appeal to Prefecture,S84347,2004-01-15 23:00:00+00:00
Add penalty,S84347,2004-02-07 23:00:00+00:00
Send Appeal to Prefecture,S84347,2004-02-15 23:00:00+00:00
Receive Result Appeal from Prefecture,S84347,2004-06-07 22:00:00+00:00
Appeal to Judge,S84347,2004-06-08 22:00:00+00:00
Notify Result Appeal to Offender,S84347,2004-07-18 22:00:00+00:00
Create Fine,S86974,2003-07-28 22:00:00+00:00
Send Fine,S86974,2003-11-02 23:00:00+00:00
Insert Fine Notification,S86974,2003-11-13 23:00:00+00:00
Appeal to Judge,S86974,2003-11-14 23:00:00+00:00
Insert Date Appeal to Prefecture,S86974,2003-12-03 23:00:00+00:00
Send Appeal to Prefecture,S86974,2003-12-28 23:00:00+00:00
Add penalty,S86974,2004-01-12 23:00:00+00:00
Receive Result Appeal from Prefecture,S86974,2004-03-25 23:00:00+00:00
Notify Result Appeal to Offender,S86974,2004-04-15 22:00:00+00:00
Create Fine,S87021,2003-07-19 22:00:00+00:00
Send Fine,S87021,2003-11-02 23:00:00+00:00
Insert Fine Notification,S87021,2003-11-12 23:00:00+00:00
Add penalty,S87021,2004-01-11 23:00:00+00:00
Insert Date Appeal to Prefecture,S87021,2004-01-13 23:00:00+00:00
Send Appeal to Prefecture,S87021,2004-02-15 23:00:00+00:00
Receive Result Appeal from Prefecture,S87021,2004-06-07 22:00:00+00:00
Appeal to Judge,S87021,2004-06-08 22:00:00+00:00
Notify Result Appeal to Offender,S87021,2004-07-11 22:00:00+00:00
Create Fine,S87107,2003-08-12 22:00:00+00:00
Send Fine,S87107,2003-11-09 23:00:00+00:00
Insert Fine Notification,S87107,2003-11-16 23:00:00+00:00
Add penalty,S87107,2004-01-15 23:00:00+00:00
Receive Result Appeal from Prefecture,S87107,2004-04-01 22:00:00+00:00
Notify Result Appeal to Offender,S87107,2004-06-23 22:00:00+00:00
Appeal to Judge,S87107,2004-11-17 23:00:00+00:00
Payment,S87107,2005-09-21 22:00:00+00:00
Create Fine,S92963,2004-06-26 22:00:00+00:00
Send Fine,S92963,2004-11-21 23:00:00+00:00
Insert Fine Notification,S92963,2004-12-01 23:00:00+00:00
Add penalty,S92963,2005-01-30 23:00:00+00:00
Payment,S92963,2005-02-10 23:00:00+00:00
Appeal to Judge,S92963,2005-06-26 22:00:00+00:00
Payment,S92963,2005-12-11 23:00:00+00:00
Create Fine,S95307,2004-07-17 22:00:00+00:00
Send Fine,S95307,2004-11-22 23:00:00+00:00
Insert Fine Notification,S95307,2004-12-16 23:00:00+00:00
Add penalty,S95307,2005-02-14 23:00:00+00:00
Insert Date Appeal to Prefecture,S95307,2005-04-11 22:00:00+00:00
Send Appeal to Prefecture,S95307,2005-05-24 22:00:00+00:00
Receive Result Appeal from Prefecture,S95307,2005-06-27 22:00:00+00:00
Notify Result Appeal to Offender,S95307,2005-07-27 22:00:00+00:00
Appeal to Judge,S95307,2005-09-30 22:00:00+00:00
Send for Credit Collection,S95307,2009-03-29 22:00:00+00:00
Create Fine,S95382,2005-07-24 22:00:00+00:00
Send Fine,S95382,2005-12-02 23:00:00+00:00
Insert Fine Notification,S95382,2005-12-19 23:00:00+00:00
Payment,S95382,2006-01-10 23:00:00+00:00
Add penalty,S95382,2006-02-17 23:00:00+00:00
Appeal to Judge,S95382,2007-11-15 23:00:00+00:00
Create Fine,S96683,2004-08-06 22:00:00+00:00
Send Fine,S96683,2004-12-16 23:00:00+00:00
Insert Fine Notification,S96683,2005-01-06 23:00:00+00:00
Insert Date Appeal to Prefecture,S96683,2005-01-12 23:00:00+00:00
Appeal to Judge,S96683,2005-01-20 23:00:00+00:00
Send Appeal to Prefecture,S96683,2005-02-20 23:00:00+00:00
Add penalty,S96683,2005-03-07 23:00:00+00:00
Receive Result Appeal from Prefecture,S96683,2005-04-07 22:00:00+00:00
Create Fine,V10030,2002-09-09 22:00:00+00:00
Send Fine,V10030,2002-10-24 22:00:00+00:00
Insert Date Appeal to Prefecture,V10030,2002-11-01 23:00:00+00:00
Send Appeal to Prefecture,V10030,2002-11-02 23:00:00+00:00
Insert Fine Notification,V10030,2002-11-03 23:00:00+00:00
Add penalty,V10030,2003-01-02 23:00:00+00:00
Payment,V10030,2004-02-22 23:00:00+00:00
Create Fine,V10149,2002-09-18 22:00:00+00:00
Insert Date Appeal to Prefecture,V10149,2002-10-31 23:00:00+00:00
Send Appeal to Prefecture,V10149,2002-11-01 23:00:00+00:00
Send Fine,V10149,2002-11-22 23:00:00+00:00
Insert Fine Notification,V10149,2002-11-29 23:00:00+00:00
Add penalty,V10149,2003-01-28 23:00:00+00:00
Payment,V10149,2003-10-16 22:00:00+00:00
Create Fine,V10395,2002-09-25 22:00:00+00:00
Send Fine,V10395,2003-01-14 23:00:00+00:00
Insert Fine Notification,V10395,2003-01-23 23:00:00+00:00
Appeal to Judge,V10395,2003-02-25 23:00:00+00:00
Add penalty,V10395,2003-03-24 23:00:00+00:00
Payment,V10395,2006-05-11 22:00:00+00:00
Payment,V10395,2006-06-11 22:00:00+00:00
Payment,V10395,2006-07-12 22:00:00+00:00
Create Fine,V10968,2003-02-25 23:00:00+00:00
Send Fine,V10968,2003-09-15 22:00:00+00:00
Insert Fine Notification,V10968,2003-09-24 22:00:00+00:00
Add penalty,V10968,2003-11-23 23:00:00+00:00
Insert Date Appeal to Prefecture,V10968,2003-11-23 23:00:00+00:00
Send Appeal to Prefecture,V10968,2003-12-02 23:00:00+00:00
Receive Result Appeal from Prefecture,V10968,2004-04-01 22:00:00+00:00
Appeal to Judge,V10968,2004-04-02 22:00:00+00:00
Notify Result Appeal to Offender,V10968,2004-06-25 22:00:00+00:00
Payment,V10968,2006-06-06 22:00:00+00:00
Create Fine,V11249,2003-03-25 23:00:00+00:00
Send Fine,V11249,2003-05-19 22:00:00+00:00
Insert Fine Notification,V11249,2003-05-30 22:00:00+00:00
Insert Date Appeal to Prefecture,V11249,2003-07-23 22:00:00+00:00
Add penalty,V11249,2003-07-29 22:00:00+00:00
Send Appeal to Prefecture,V11249,2003-08-04 22:00:00+00:00
Receive Result Appeal from Prefecture,V11249,2003-09-29 22:00:00+00:00
Notify Result Appeal to Offender,V11249,2003-11-07 23:00:00+00:00
Payment,V11249,2004-01-18 23:00:00+00:00
Payment,V11249,2004-02-05 23:00:00+00:00
Payment,V11249,2004-02-29 23:00:00+00:00
Payment,V11249,2004-04-01 22:00:00+00:00
Payment,V11249,2004-05-04 22:00:00+00:00
Payment,V11249,2004-06-18 22:00:00+00:00
Create Fine,V11762,2003-05-05 22:00:00+00:00
Send Fine,V11762,2003-09-15 22:00:00+00:00
Insert Fine Notification,V11762,2003-09-24 22:00:00+00:00
Insert Date Appeal to Prefecture,V11762,2003-10-05 22:00:00+00:00
Send Appeal to Prefecture,V11762,2003-10-29 23:00:00+00:00
Add penalty,V11762,2003-11-23 23:00:00+00:00
Receive Result Appeal from Prefecture,V11762,2003-12-14 23:00:00+00:00
Appeal to Judge,V11762,2004-03-09 23:00:00+00:00
Create Fine,V11790,2003-05-08 22:00:00+00:00
Send Fine,V11790,2003-09-15 22:00:00+00:00
Insert Fine Notification,V11790,2003-09-25 22:00:00+00:00
Insert Date Appeal to Prefecture,V11790,2003-10-15 22:00:00+00:00
Send Appeal to Prefecture,V11790,2003-11-04 23:00:00+00:00
Add penalty,V11790,2003-11-24 23:00:00+00:00
Receive Result Appeal from Prefecture,V11790,2003-12-04 23:00:00+00:00
Notify Result Appeal to Offender,V11790,2004-02-20 23:00:00+00:00
Payment,V11790,2004-10-21 22:00:00+00:00
Payment,V11790,2004-11-15 23:00:00+00:00
Send for Credit Collection,V11790,2004-12-24 23:00:00+00:00
Create Fine,V11900,2003-05-13 22:00:00+00:00
Send Fine,V11900,2003-09-15 22:00:00+00:00
Insert Fine Notification,V11900,2003-09-25 22:00:00+00:00
Insert Date Appeal to Prefecture,V11900,2003-10-13 22:00:00+00:00
Send Appeal to Prefecture,V11900,2003-11-04 23:00:00+00:00
Add penalty,V11900,2003-11-24 23:00:00+00:00
Receive Result Appeal from Prefecture,V11900,2003-12-04 23:00:00+00:00
Notify Result Appeal to Offender,V11900,2004-02-20 23:00:00+00:00
Payment,V11900,2004-04-21 22:00:00+00:00
Payment,V11900,2004-05-27 22:00:00+00:00
Payment,V11900,2004-06-28 22:00:00+00:00
Payment,V11900,2004-08-01 22:00:00+00:00
Payment,V11900,2004-09-01 22:00:00+00:00
Payment,V11900,2004-09-26 22:00:00+00:00
Create Fine,V16089,2006-07-25 22:00:00+00:00
Send Fine,V16089,2006-12-03 23:00:00+00:00
Insert Fine Notification,V16089,2006-12-14 23:00:00+00:00
Insert Date Appeal to Prefecture,V16089,2006-12-18 23:00:00+00:00
Appeal to Judge,V16089,2007-01-09 23:00:00+00:00
Send Appeal to Prefecture,V16089,2007-02-01 23:00:00+00:00
Add penalty,V16089,2007-02-12 23:00:00+00:00
Receive Result Appeal from Prefecture,V16089,2007-04-29 22:00:00+00:00
Notify Result Appeal to Offender,V16089,2007-05-11 22:00:00+00:00
Send for Credit Collection,V16089,2009-03-29 22:00:00+00:00
Create Fine,V16549,2006-12-12 23:00:00+00:00
Send Fine,V16549,2006-12-28 23:00:00+00:00
Insert Fine Notification,V16549,2007-01-07 23:00:00+00:00
Insert Date Appeal to Prefecture,V16549,2007-02-15 23:00:00+00:00
Add penalty,V16549,2007-03-08 23:00:00+00:00
Receive Result Appeal from Prefecture,V16549,2007-08-30 22:00:00+00:00
Appeal to Judge,V16549,2007-10-02 22:00:00+00:00
Send Appeal to Prefecture,V16549,2011-12-24 23:00:00+00:00
Create Fine,V16732,2007-08-25 22:00:00+00:00
Send Fine,V16732,2008-06-03 22:00:00+00:00
Insert Fine Notification,V16732,2008-06-08 22:00:00+00:00
Insert Date Appeal to Prefecture,V16732,2008-06-12 22:00:00+00:00
Send Appeal to Prefecture,V16732,2008-07-13 22:00:00+00:00
Receive Result Appeal from Prefecture,V16732,2008-07-23 22:00:00+00:00
Add penalty,V16732,2008-08-07 22:00:00+00:00
Notify Result Appeal to Offender,V16732,2008-08-08 22:00:00+00:00
Appeal to Judge,V16732,2008-09-15 22:00:00+00:00
Payment,V16732,2009-03-16 23:00:00+00:00
Create Fine,V18308,2009-02-27 23:00:00+00:00
Send Fine,V18308,2009-06-11 22:00:00+00:00
Insert Fine Notification,V18308,2009-06-17 22:00:00+00:00
Add penalty,V18308,2009-08-16 22:00:00+00:00
Insert Date Appeal to Prefecture,V18308,2009-09-06 22:00:00+00:00
Receive Result Appeal from Prefecture,V18308,2010-03-07 23:00:00+00:00
Notify Result Appeal to Offender,V18308,2010-03-14 23:00:00+00:00
Send Appeal to Prefecture,V18308,2011-12-24 23:00:00+00:00
Send for Credit Collection,V18308,2012-03-25 22:00:00+00:00
Create Fine,V18366,2009-03-24 23:00:00+00:00
Send Fine,V18366,2009-07-19 22:00:00+00:00
Insert Fine Notification,V18366,2009-08-03 22:00:00+00:00
Add penalty,V18366,2009-10-02 22:00:00+00:00
Payment,V18366,2010-08-29 22:00:00+00:00
Payment,V18366,2010-09-26 22:00:00+00:00
Payment,V18366,2010-10-26 22:00:00+00:00
Payment,V18366,2010-11-28 23:00:00+00:00
Payment,V18366,2010-12-20 23:00:00+00:00
Payment,V18366,2011-01-20 23:00:00+00:00
Payment,V18366,2011-02-22 23:00:00+00:00
Payment,V18366,2011-03-27 22:00:00+00:00
Payment,V18366,2011-04-20 22:00:00+00:00
Payment,V18366,2011-05-24 22:00:00+00:00
Create Fine,V18908,2010-03-16 23:00:00+00:00
Send Fine,V18908,2010-04-26 22:00:00+00:00
Insert Fine Notification,V18908,2010-05-07 22:00:00+00:00
Add penalty,V18908,2010-07-06 22:00:00+00:00
Payment,V18908,2011-03-24 23:00:00+00:00
Payment,V18908,2011-04-28 22:00:00+00:00
Payment,V18908,2011-06-02 22:00:00+00:00
Payment,V18908,2011-06-30 22:00:00+00:00
Payment,V18908,2011-08-01 22:00:00+00:00
Payment,V18908,2011-09-01 22:00:00+00:00
Payment,V18908,2011-11-05 23:00:00+00:00
Payment,V18908,2011-11-07 23:00:00+00:00
Payment,V18908,2011-12-04 23:00:00+00:00
Payment,V18908,2012-01-09 23:00:00+00:00
Send for Credit Collection,V18908,2012-03-25 22:00:00+00:00
Create Fine,V4402,2000-03-07 23:00:00+00:00
Payment,V4402,2000-03-07 23:00:00+00:00
Send Fine,V4402,2000-03-22 23:00:00+00:00
Insert Fine Notification,V4402,2000-04-13 22:00:00+00:00
Insert Date Appeal to Prefecture,V4402,2000-05-17 22:00:00+00:00
Send Appeal to Prefecture,V4402,2000-05-23 22:00:00+00:00
Add penalty,V4402,2000-06-12 22:00:00+00:00
Receive Result Appeal from Prefecture,V4402,2000-07-01 22:00:00+00:00
Notify Result Appeal to Offender,V4402,2000-07-10 22:00:00+00:00
Create Fine,V4870,2000-05-30 22:00:00+00:00
Send Fine,V4870,2000-07-08 22:00:00+00:00
Insert Fine Notification,V4870,2000-07-23 22:00:00+00:00
Payment,V4870,2000-09-20 22:00:00+00:00
Add penalty,V4870,2000-09-21 22:00:00+00:00
Insert Date Appeal to Prefecture,V4870,2000-09-26 22:00:00+00:00
Send Appeal to Prefecture,V4870,2000-10-18 22:00:00+00:00
Payment,V4870,2000-11-07 23:00:00+00:00
Create Fine,V7190,2001-04-20 22:00:00+00:00
Send Fine,V7190,2001-06-06 22:00:00+00:00
Insert Fine Notification,V7190,2001-07-01 22:00:00+00:00
Insert Date Appeal to Prefecture,V7190,2001-08-21 22:00:00+00:00
Add penalty,V7190,2001-08-30 22:00:00+00:00
Payment,V7190,2001-09-28 22:00:00+00:00
Payment,V7190,2002-08-06 22:00:00+00:00
Create Fine,V7616,2001-07-26 22:00:00+00:00
Send Fine,V7616,2001-08-26 22:00:00+00:00
Insert Fine Notification,V7616,2001-10-22 22:00:00+00:00
Insert Date Appeal to Prefecture,V7616,2001-12-12 23:00:00+00:00
Add penalty,V7616,2001-12-21 23:00:00+00:00
Receive Result Appeal from Prefecture,V7616,2002-01-09 23:00:00+00:00
Send Appeal to Prefecture,V7616,2002-01-09 23:00:00+00:00
Payment,V7616,2002-04-29 22:00:00+00:00
Create Fine,V7767,2001-08-09 22:00:00+00:00
Send Fine,V7767,2001-10-17 22:00:00+00:00
Insert Fine Notification,V7767,2001-12-05 23:00:00+00:00
Appeal to Judge,V7767,2001-12-06 23:00:00+00:00
Add penalty,V7767,2002-02-03 23:00:00+00:00
Payment,V7767,2005-02-10 23:00:00+00:00
Payment,V7767,2005-03-11 23:00:00+00:00
Payment,V7767,2005-04-12 22:00:00+00:00
Payment,V7767,2005-05-08 22:00:00+00:00
Payment,V7767,2005-06-21 22:00:00+00:00
Payment,V7767,2005-07-18 22:00:00+00:00
Create Fine,V7999,2001-08-30 22:00:00+00:00
Send Fine,V7999,2001-11-15 23:00:00+00:00
Insert Fine Notification,V7999,2001-12-06 23:00:00+00:00
Receive Result Appeal from Prefecture,V7999,2002-01-15 23:00:00+00:00
Insert Date Appeal to Prefecture,V7999,2002-01-30 23:00:00+00:00
Send Appeal to Prefecture,V7999,2002-02-03 23:00:00+00:00
Add penalty,V7999,2002-02-04 23:00:00+00:00
Payment,V7999,2002-09-18 22:00:00+00:00
Create Fine,V8169,2001-09-24 22:00:00+00:00
Send Fine,V8169,2001-11-15 23:00:00+00:00
Insert Fine Notification,V8169,2001-12-06 23:00:00+00:00
Insert Date Appeal to Prefecture,V8169,2001-12-07 23:00:00+00:00
Send Appeal to Prefecture,V8169,2001-12-08 23:00:00+00:00
Appeal to Judge,V8169,2001-12-23 23:00:00+00:00
Add penalty,V8169,2002-02-04 23:00:00+00:00
Payment,V8169,2002-12-11 23:00:00+00:00
Payment,V8169,2003-01-09 23:00:00+00:00
Payment,V8169,2003-02-16 23:00:00+00:00
Payment,V8169,2003-03-23 23:00:00+00:00
Payment,V8169,2003-04-27 22:00:00+00:00
Payment,V8169,2003-05-26 22:00:00+00:00
Payment,V8169,2003-06-23 22:00:00+00:00
Payment,V8169,2003-07-14 22:00:00+00:00
Payment,V8169,2003-08-06 22:00:00+00:00
Payment,V8169,2003-09-07 22:00:00+00:00
Create Fine,V8192,2001-09-25 22:00:00+00:00
Send Fine,V8192,2001-11-15 23:00:00+00:00
Insert Fine Notification,V8192,2001-12-11 23:00:00+00:00
Insert Date Appeal to Prefecture,V8192,2001-12-12 23:00:00+00:00
Appeal to Judge,V8192,2001-12-13 23:00:00+00:00
Send Appeal to Prefecture,V8192,2001-12-13 23:00:00+00:00
Add penalty,V8192,2002-02-09 23:00:00+00:00
Payment,V8192,2003-11-26 23:00:00+00:00
Payment,V8192,2004-01-12 23:00:00+00:00
Payment,V8192,2004-03-04 23:00:00+00:00
Payment,V8192,2004-05-12 22:00:00+00:00
Payment,V8192,2004-07-19 22:00:00+00:00
Create Fine,V8350,2001-10-09 22:00:00+00:00
Send Fine,V8350,2001-11-15 23:00:00+00:00
Insert Fine Notification,V8350,2001-12-21 23:00:00+00:00
Insert Date Appeal to Prefecture,V8350,2001-12-22 23:00:00+00:00
Send Appeal to Prefecture,V8350,2001-12-23 23:00:00+00:00
Add penalty,V8350,2002-02-19 23:00:00+00:00
Payment,V8350,2002-06-04 22:00:00+00:00
Receive Result Appeal from Prefecture,V8350,2002-08-25 22:00:00+00:00
Notify Result Appeal to Offender,V8350,2002-08-29 22:00:00+00:00
Payment,V8350,2002-11-29 23:00:00+00:00
Create Fine,V8443,2001-10-07 22:00:00+00:00
Send Fine,V8443,2001-11-23 23:00:00+00:00
Send Appeal to Prefecture,V8443,2001-12-20 23:00:00+00:00
Insert Fine Notification,V8443,2001-12-23 23:00:00+00:00
Insert Date Appeal to Prefecture,V8443,2001-12-26 23:00:00+00:00
Add penalty,V8443,2002-02-21 23:00:00+00:00
Payment,V8443,2002-05-31 22:00:00+00:00
Create Fine,V8629,2001-11-16 23:00:00+00:00
Send Fine,V8629,2001-11-23 23:00:00+00:00
Insert Fine Notification,V8629,2001-12-26 23:00:00+00:00
Insert Date Appeal to Prefecture,V8629,2002-01-22 23:00:00+00:00
Add penalty,V8629,2002-02-24 23:00:00+00:00
Payment,V8629,2002-08-07 22:00:00+00:00
Payment,V8629,2002-09-08 22:00:00+00:00
Payment,V8629,2002-10-08 22:00:00+00:00
Create Fine,V8700,2001-11-30 23:00:00+00:00
Send Fine,V8700,2001-12-23 23:00:00+00:00
Insert Fine Notification,V8700,2002-01-04 23:00:00+00:00
Insert Date Appeal to Prefecture,V8700,2002-01-28 23:00:00+00:00
Send Appeal to Prefecture,V8700,2002-02-03 23:00:00+00:00
Add penalty,V8700,2002-03-05 23:00:00+00:00
Receive Result Appeal from Prefecture,V8700,2002-04-29 22:00:00+00:00
Notify Result Appeal to Offender,V8700,2002-09-06 22:00:00+00:00
Payment,V8700,2003-08-25 22:00:00+00:00
Send for Credit Collection,V8700,2004-01-09 23:00:00+00:00
Create Fine,V8809,2002-03-25 23:00:00+00:00
Send Fine,V8809,2002-06-09 22:00:00+00:00
Insert Date Appeal to Prefecture,V8809,2002-06-17 22:00:00+00:00
Insert Fine Notification,V8809,2002-06-18 22:00:00+00:00
Send Appeal to Prefecture,V8809,2002-06-18 22:00:00+00:00
Add penalty,V8809,2002-08-17 22:00:00+00:00
Payment,V8809,2003-06-17 22:00:00+00:00
Create Fine,V9576,2002-07-30 22:00:00+00:00
Send Fine,V9576,2002-10-24 22:00:00+00:00
Insert Fine Notification,V9576,2002-11-03 23:00:00+00:00
Insert Date Appeal to Prefecture,V9576,2002-11-12 23:00:00+00:00
Send Appeal to Prefecture,V9576,2002-12-01 23:00:00+00:00
Add penalty,V9576,2003-01-02 23:00:00+00:00
Receive Result Appeal from Prefecture,V9576,2003-02-27 23:00:00+00:00
Notify Result Appeal to Offender,V9576,2003-04-22 22:00:00+00:00
Appeal to Judge,V9576,2003-05-01 22:00:00+00:00
Payment,V9576,2004-05-02 22:00:00+00:00
Payment,V9576,2004-05-31 22:00:00+00:00
Payment,V9576,2004-06-30 22:00:00+00:00
Payment,V9576,2004-08-03 22:00:00+00:00
Payment,V9576,2004-09-22 22:00:00+00:00
Payment,V9576,2004-10-04 22:00:00+00:00
Create Fine,V9715,2002-08-04 22:00:00+00:00
Send Fine,V9715,2002-10-24 22:00:00+00:00
Insert Date Appeal to Prefecture,V9715,2002-10-27 23:00:00+00:00
Send Appeal to Prefecture,V9715,2002-10-28 23:00:00+00:00
Insert Fine Notification,V9715,2002-10-30 23:00:00+00:00
Appeal to Judge,V9715,2002-10-31 23:00:00+00:00
Add penalty,V9715,2002-12-29 23:00:00+00:00
Payment,V9715,2003-03-31 22:00:00+00:00
